{"type": "FeatureCollection", "features": [{"type": "Feature", "properties": {"name": "NEON AOP flight boxes (all sites, D01-D20)", "source": "https://www.neonscience.org/sites/default/files/AOP_flightBoxes_0.zip", "provenance": "AOP_flightboxesAllSites.shp (NEON 'Flight Boundaries' shapefile, EPSG:4326) unioned across all 103 flight boxes -- terrestrial + aquatic, every priority, domains D01-D20. buffer(0) cleaned, unary_union; no simplification.", "n_flight_boxes": 103, "n_domains": 20, "boxes_per_domain": {"D01": 4, "D02": 5, "D03": 10, "D04": 4, "D05": 6, "D06": 5, "D07": 7, "D08": 6, "D09": 5, "D10": 4, "D11": 4, "D12": 2, "D13": 4, "D14": 6, "D15": 2, "D16": 7, "D17": 11, "D18": 5, "D19": 4, "D20": 2}, "sample_types": {"Terrestrial": 66, "Aquatic": 36, "Terrestiral": 1}, "area_km2_epsg6933": 8345.1, "bbox_lonlat": [-156.842886, 17.937115, -66.767795, 71.397233], "n_parts": 61}, "geometry": {"type": "MultiPolygon", "coordinates": [[[[-155.35423613897646, 19.603125895583958], [-155.2164356321484, 19.60305091673797], [-155.21653910622942, 19.505820733034057], [-155.35425694584904, 19.505903996497523], [-155.35425214464908, 19.528338015679946], [-155.3542523394866, 19.527427668353766], [-155.45460569268127, 19.527427668353766], [-155.45460569268127, 19.59439868059127], [-155.3542380067249, 19.59439868059127], [-155.35423613897646, 19.603125895583958]]], [[[-119.3250598477851, 37.08715965577335], [-119.29192259485822, 37.08715621502863], [-119.2919169864129, 37.1042875313546], [-119.17673167047963, 37.10426028888469], [-119.17676107043951, 37.014275070623114], [-119.29194644572846, 37.01430237065006], [-119.2919261643509, 37.07625299593223], [-119.29195128908513, 37.01416868064546], [-119.20592397980704, 37.01412329268953], [-119.20596448917638, 36.98825625902822], [-119.31839032421118, 36.988316859404335], [-119.31838794653419, 37.014171234510066], [-119.32505763453679, 37.014172146032024], [-119.3250598477851, 37.08715965577335]]], [[[-119.0962033205966, 37.09933885917104], [-119.03896965762493, 37.09935515051342], [-118.97151561045905, 37.09933885917104], [-118.97151406451275, 37.0426499772488], [-119.03905664610852, 37.042736609598194], [-119.09620167842212, 37.04277985382657], [-119.0962033205966, 37.09933885917104]]], [[[-119.67603781872367, 37.045309507636716], [-119.78852218028226, 37.045309507636716], [-119.78852218028226, 37.13541609212706], [-119.67603781872367, 37.13541609212706], [-119.67603781872367, 37.045309507636716]]], [[[-122.13262951172186, 44.25568389484596], [-122.16894299297428, 44.25568389484596], [-122.16894299297428, 44.28156564872205], [-122.13262951172186, 44.28156564872205], [-122.13262951172186, 44.25568389484596]]], [[[-122.23870097319758, 45.7100499039974], [-122.39380028384926, 45.710164636776426], [-122.3939248094203, 45.807355094426555], [-122.2388055291712, 45.807240414707906], [-122.23870097319758, 45.7100499039974]]], [[[-122.09272236359408, 45.786318199606], [-122.09280288500383, 45.89152501753415], [-122.04991479264771, 45.891544570742326], [-121.92599549966798, 45.89151061118514], [-121.92599549966798, 45.89152501753415], [-121.92126030567329, 45.891528247923475], [-121.9212603064312, 45.891400278822175], [-121.92120482697504, 45.891400278822175], [-121.92120482697504, 45.85786588898936], [-121.87213481546331, 45.8578846303476], [-121.87213480557068, 45.82230737027976], [-121.92120482697504, 45.82228862713075], [-121.92120482697504, 45.773967387174025], [-122.04995529931904, 45.773967387174025], [-122.04995529931904, 45.78639192062483], [-122.09272236359408, 45.786318199606]]], [[[-121.87213481546331, 45.857884631246975], [-121.78331997748887, 45.85786493954214], [-121.78331997748887, 45.82228767767566], [-121.87213480467136, 45.82230737027976], [-121.87213481546331, 45.857884631246975]]], [[[-145.61627654637903, 63.77562431417397], [-145.8000186467449, 63.775700612335356], [-145.79849473398627, 63.94131067439059], [-145.61598248112935, 63.94123408304796], [-145.61627654637903, 63.77562431417397]]], [[[-149.1116255232022, 63.82980589150765], [-149.3150544764764, 63.82980589150765], [-149.3150544764764, 63.93014700753446], [-149.1116255232022, 63.93014700753446], [-149.1116255232022, 63.82980589150765]]], [[[-147.34735512437285, 65.24128704768549], [-147.34788281997257, 65.12726676283137], [-147.6700716516124, 65.12708192646812], [-147.66984114283284, 65.24110330310748], [-147.34735512437285, 65.24128704768549]]], [[[-149.2667483108339, 68.54170929662888], [-149.6880144082666, 68.54150202830579], [-149.68802736849486, 68.70091643935297], [-149.26788763369814, 68.70112085320625], [-149.26751324761784, 68.64873757389715], [-149.26751317654208, 68.68226463302653], [-149.10641651329934, 68.68199603317294], [-149.10849132973829, 68.55345807763536], [-149.26683418367244, 68.55372443587505], [-149.2667483108339, 68.54170929662888]]], [[[-156.6748715037076, 71.33262655745631], [-156.67156573898117, 71.33360652734001], [-156.6245800480158, 71.34751806925561], [-156.6245260217337, 71.34751807195357], [-156.4763375587644, 71.39723327817973], [-156.29125756551997, 71.36063326535555], [-156.29147007423234, 71.34724363095904], [-156.29062666024194, 71.22258217492902], [-156.6744684883635, 71.22267983484892], [-156.67465154405562, 71.26467734071775], [-156.84288639182745, 71.2644418631462], [-156.84288639182745, 71.27372176069179], [-156.77816505343915, 71.30084761643934], [-156.6749468314932, 71.33264515467789], [-156.67494690433884, 71.33266197662431], [-156.67492522691592, 71.33265179352355], [-156.6748715037076, 71.33262655745631]]], [[[-110.9782192847897, 31.854742912472716], [-110.93005899388612, 31.854742912472716], [-110.93005899388612, 31.921748534482163], [-110.82152968281537, 31.921748534482163], [-110.75652490294925, 31.921748534482163], [-110.75652490294925, 31.809985252108106], [-110.74082045991133, 31.809985252108106], [-110.74082045991133, 31.7894584512228], [-110.74082045991133, 31.78904599562361], [-110.83059752401095, 31.719684706663827], [-110.83949670866889, 31.719684706663827], [-110.87352299966926, 31.719684706663827], [-110.95248382743779, 31.789717800579638], [-110.97738604760474, 31.81180444421034], [-110.97743406277272, 31.811817436814408], [-110.9782192847897, 31.811817436814408], [-110.9782192847897, 31.854742912472716]]], [[[-106.88258918861897, 32.558156229363135], [-106.8826934451161, 32.558156195188644], [-106.88268445353444, 32.62302103525129], [-106.96936874105393, 32.622971588986786], [-106.96949287181957, 32.717837481176616], [-106.88270602104, 32.71789041143903], [-106.88270618231076, 32.71835275974274], [-106.88172452600796, 32.71789067572197], [-106.88170323457467, 32.71789068097553], [-106.88157751379555, 32.71783214186115], [-106.88157751013053, 32.71782147259296], [-106.8025122658521, 32.68060398020191], [-106.80253018947633, 32.64833055669942], [-106.77616921112826, 32.64831951114235], [-106.77616921562492, 32.648290059021406], [-106.76029282450571, 32.648356948404285], [-106.74039440987832, 32.61814684971654], [-106.74640538999961, 32.53194314564661], [-106.80490832795692, 32.531773738169306], [-106.82530512455975, 32.54552399084935], [-106.88184850946124, 32.54656726898827], [-106.8825860292767, 32.54656712779365], [-106.88258918861897, 32.558156229363135]], [[-106.88268154699523, 32.647725594361134], [-106.8826823620567, 32.65006230003349], [-106.8826829471511, 32.633888012628184], [-106.88268102898178, 32.647725594361134], [-106.88268154699523, 32.647725594361134]]], [[[-111.38186275705505, 33.76009778852091], [-111.38177016395395, 33.76009778852091], [-111.38177016395395, 33.75972741971384], [-111.38167757085284, 33.75972741971384], [-111.38167757085284, 33.75963482571342], [-111.38177016395395, 33.75963482571342], [-111.38177016395395, 33.75935704820881], [-111.38186275705505, 33.75935704820881], [-111.38186275705505, 33.75926445600703], [-111.38195534925683, 33.75926445600703], [-111.38195534925683, 33.75917186290599], [-111.38204794145855, 33.75917186290599], [-111.38204794145855, 33.759079270704206], [-111.38214053455965, 33.759079270704206], [-111.38214053455965, 33.758986677603104], [-111.38223312676143, 33.758986677603104], [-111.38223312676143, 33.75889408540132], [-111.38232572076186, 33.75889408540132], [-111.38232572076186, 33.7588014931996], [-111.38241831206426, 33.7588014931996], [-111.38241831206426, 33.75787556578598], [-111.38251090426604, 33.75787556578598], [-111.38251090426604, 33.75778297448352], [-111.38260349736714, 33.75778297448352], [-111.38260349736714, 33.75759778918069], [-111.38269608956887, 33.75759778918069], [-111.38269608956887, 33.75750519607959], [-111.38278868356929, 33.75750519607959], [-111.38278868356929, 33.75741260297849], [-111.38288127487175, 33.75741260297849], [-111.38288127487175, 33.75732001077671], [-111.38297386797285, 33.75732001077671], [-111.38297386797285, 33.757227417675665], [-111.38306646017463, 33.757227417675665], [-111.38306646017463, 33.7571348263732], [-111.38315905237636, 33.7571348263732], [-111.38315905237636, 33.756764454868176], [-111.38325164637678, 33.756764454868176], [-111.38325164637678, 33.756671862666394], [-111.38334423767924, 33.756671862666394], [-111.38334423767924, 33.756301492060686], [-111.38343683167966, 33.756301492060686], [-111.38343683167966, 33.756208899858905], [-111.38352942298206, 33.756208899858905], [-111.38352942298206, 33.75611630675786], [-111.38371460918427, 33.75611630675786], [-111.38371460918427, 33.75602371455608], [-111.38380720048667, 33.75602371455608], [-111.38380720048667, 33.7559311223543], [-111.38399238578955, 33.7559311223543], [-111.38399238578955, 33.7558385292532], [-111.38408497889066, 33.7558385292532], [-111.38408497889066, 33.75574593615215], [-111.38417757199176, 33.75574593615215], [-111.38417757199176, 33.75546815864749], [-111.38408497889066, 33.75546815864749], [-111.38408497889066, 33.75519038114288], [-111.38399238578955, 33.75519038114288], [-111.38399238578955, 33.75426445462858], [-111.38408497889066, 33.75426445462858], [-111.38408497889066, 33.75407927022508], [-111.38417757199176, 33.75407927022508], [-111.38417757199176, 33.753986677123976], [-111.38427016419348, 33.753986677123976], [-111.38427016419348, 33.753894084022875], [-111.38436275729458, 33.753894084022875], [-111.38436275729458, 33.75380149182115], [-111.38445534859704, 33.75380149182115], [-111.38445534859704, 33.75370889872005], [-111.38454794259746, 33.75370889872005], [-111.38454794259746, 33.75361630651827], [-111.38464053479919, 33.75361630651827], [-111.38464053479919, 33.75352371431654], [-111.38473312700097, 33.75352371431654], [-111.38473312700097, 33.75333852901366], [-111.38491831230385, 33.75333852901366], [-111.38491831230385, 33.75343112121544], [-111.385751645717, 33.75343112121544], [-111.385751645717, 33.75333852901366], [-111.3858442388181, 33.75333852901366], [-111.38584423791877, 33.75324593591256], [-111.38593683101988, 33.75324593591256], [-111.38593683101988, 33.75315334281146], [-111.38602942412098, 33.75315334281146], [-111.38602942412098, 33.753060751509054], [-111.38621460852448, 33.753060751509054], [-111.38621460852448, 33.75296815750863], [-111.3863072025249, 33.75296815750863], [-111.3863072025249, 33.752690380004026], [-111.38639979382737, 33.752690380004026], [-111.38639979382737, 33.75250519470114], [-111.38630720072626, 33.75250519470114], [-111.38630720072626, 33.75241260339874], [-111.38621460852448, 33.75241260339874], [-111.38621460852448, 33.75232001029764], [-111.38612201632276, 33.75232001029764], [-111.38612201632276, 33.752227417196536], [-111.38621460852448, 33.752227417196536], [-111.38621460852448, 33.75176445438905], [-111.38630720072626, 33.75176445438905], [-111.38630720072626, 33.751671862187266], [-111.38639979382737, 33.751671862187266], [-111.38639979382737, 33.75148667598512], [-111.38649238692847, 33.75148667598512], [-111.38649238692847, 33.75139408378334], [-111.38639979382737, 33.75139408378334], [-111.38639979382737, 33.75102371317763], [-111.38649238692847, 33.75102371317763], [-111.38649238692847, 33.750745935673024], [-111.38658497913019, 33.750745935673024], [-111.38658497913019, 33.75046815816842], [-111.38667757223129, 33.75046815816842], [-111.38667757223129, 33.750375565067316], [-111.38677016353375, 33.750375565067316], [-111.38677016353375, 33.749820010058045], [-111.38723312724056, 33.749820010058045], [-111.38723312724056, 33.749912601360506], [-111.38732572034161, 33.749912601360506], [-111.38732572034161, 33.75019038066375], [-111.38751090474517, 33.75019038066375], [-111.38751090474517, 33.750282972865534], [-111.3881590537548, 33.750282972865534], [-111.3881590537548, 33.750375565067316], [-111.38825164595659, 33.750375565067316], [-111.38825164595659, 33.75046815816842], [-111.38834423905769, 33.75046815816842], [-111.38834423905769, 33.75056074947082], [-111.38843683125941, 33.75056074947082], [-111.38843683125941, 33.75065334347124], [-111.3885294234612, 33.75065334347124], [-111.3885294234612, 33.750745935673024], [-111.38880720186512, 33.750745935673024], [-111.38880720186512, 33.75083852787475], [-111.388992387168, 33.75083852787475], [-111.388992387168, 33.75093112097585], [-111.38927016557193, 33.75093112097585], [-111.38927016557193, 33.75102371317763], [-111.38936275777371, 33.75102371317763], [-111.38936275777371, 33.75111630627873], [-111.39010349808581, 33.75111630627873], [-111.39010349808581, 33.75102371317763], [-111.39028868428801, 33.75102371317763], [-111.39028868428801, 33.75111630627873], [-111.39130720210471, 33.75111630627873], [-111.39130720210471, 33.75120889758114], [-111.39149238830692, 33.75120889758114], [-111.39149238830692, 33.75130149158156], [-111.3917701649122, 33.75130149158156], [-111.3917701649122, 33.75139408378334], [-111.39186275801325, 33.75139408378334], [-111.39186275801325, 33.75148667598512], [-111.39195535111435, 33.75148667598512], [-111.39195535111435, 33.75157926908622], [-111.39223312861895, 33.75157926908622], [-111.39223312861895, 33.75148667598512], [-111.39232572172006, 33.75148667598512], [-111.39232572172006, 33.75139408378334], [-111.3925109052243, 33.75139408378334], [-111.3925109052243, 33.75148667598512], [-111.39260349922472, 33.75148667598512], [-111.39260349922472, 33.75157926908622], [-111.39269609142644, 33.75157926908622], [-111.39269609142644, 33.751671861287946], [-111.39278868452755, 33.751671861287946], [-111.39278868452755, 33.75176445438905], [-111.39343683353718, 33.75176445438905], [-111.39343683353718, 33.75185704659083], [-111.39389979634467, 33.75185704569151], [-111.39389979634467, 33.75194963879255], [-111.39399238764713, 33.75194963879255], [-111.39399238764713, 33.752042231893654], [-111.39408498164755, 33.752042231893654], [-111.39408498164755, 33.752134824095435], [-111.39417757294996, 33.752134824095435], [-111.39417757294996, 33.752227417196536], [-111.39464053665677, 33.752227417196536], [-111.39464053575745, 33.752134824095435], [-111.39510349946426, 33.752134824095435], [-111.39510349946426, 33.752042231893654], [-111.39547387006996, 33.752042231893654], [-111.39547387006996, 33.75194963879255], [-111.39575164757457, 33.75194963879255], [-111.39575164757457, 33.75185704569151], [-111.39584424067567, 33.75185704569151], [-111.39584424067567, 33.75176445438905], [-111.39593683287745, 33.75176445438905], [-111.39593683287745, 33.751671861287946], [-111.39602942687787, 33.751671861287946], [-111.39602942687787, 33.75157926908622], [-111.39612201818028, 33.75157926908622], [-111.39612201818028, 33.75148667598512], [-111.39621461038206, 33.75148667598512], [-111.39621461038206, 33.75139408288402], [-111.39639979568489, 33.75139408288402], [-111.39639979568489, 33.75148667598512], [-111.39686275849238, 33.75148667598512], [-111.39686275849238, 33.75139408288402], [-111.39714053779568, 33.75139408288402], [-111.39714053779568, 33.75130149158156], [-111.3972331299974, 33.75130149158156], [-111.3972331299974, 33.75120889758114], [-111.39732572129986, 33.75120889758114], [-111.39732572129986, 33.75111630537941], [-111.39741831530029, 33.75111630537941], [-111.39741831530029, 33.75102371317763], [-111.39751090660269, 33.75102371317763], [-111.39751090660269, 33.75093112007653], [-111.39760350060311, 33.75093112007653], [-111.39760350060311, 33.75083852787475], [-111.39769609280489, 33.75083852787475], [-111.39769609280489, 33.750745934773704], [-111.39778868500667, 33.750745934773704], [-111.39778868500667, 33.7506533416726], [-111.39797386941018, 33.7506533416726], [-111.39797386941018, 33.75056074947082], [-111.39815905561238, 33.75056074947082], [-111.39815905561238, 33.75046815726904], [-111.39825164871348, 33.75046815726904], [-111.39825164871348, 33.750375565067316], [-111.39834424091521, 33.750375565067316], [-111.39834424091521, 33.750282971966215], [-111.39862201841987, 33.750282971966215], [-111.39862201841987, 33.75019037886511], [-111.3988072037227, 33.75019037886511], [-111.3988072037227, 33.75009778666333], [-111.39927016653019, 33.75009778666333], [-111.39927016653019, 33.75000519446161], [-111.3996405371359, 33.75000519446161], [-111.3996405371359, 33.75019037886511], [-111.399733130237, 33.75019037886511], [-111.399733130237, 33.75009778666333], [-111.3999183146405, 33.75009778666333], [-111.3999183146405, 33.75000519446161], [-111.40010349994338, 33.75000519446161], [-111.40010349994338, 33.749820009158725], [-111.40019609304449, 33.749820009158725], [-111.40019609304449, 33.749727416057624], [-111.40028868614553, 33.749727416057624], [-111.40028868614553, 33.7496348238559], [-111.40038127744799, 33.7496348238559], [-111.40038127744799, 33.7495422307548], [-111.40047387144841, 33.7495422307548], [-111.40047387144841, 33.7494496376537], [-111.40065905585192, 33.7494496376537], [-111.40065905585192, 33.749357046351236], [-111.40121461176051, 33.749357046351236], [-111.40121461176051, 33.7494496376537], [-111.40149239016444, 33.7494496376537], [-111.40149239016444, 33.7495422307548], [-111.40158498236622, 33.7495422307548], [-111.40158498236622, 33.749357046351236], [-111.401677574568, 33.749357046351236], [-111.401677574568, 33.74926445325019], [-111.40177016676972, 33.74926445325019], [-111.40177016676972, 33.74917186104841], [-111.40241831577941, 33.74917186014909], [-111.40241831577941, 33.74907926794731], [-111.40260350108224, 33.74907926794731], [-111.40260350108224, 33.74917186014909], [-111.40269609328402, 33.74917186014909], [-111.40269609328402, 33.749357046351236], [-111.40288127948622, 33.749357046351236], [-111.40288127948622, 33.7494496376537], [-111.40297387078863, 33.7494496376537], [-111.40297387078863, 33.7495422307548], [-111.40306646388973, 33.7495422307548], [-111.40306646388973, 33.74963482295652], [-111.40380720510115, 33.74963482295652], [-111.40380720510115, 33.7495422307548], [-111.40389979730293, 33.7495422307548], [-111.40389979730293, 33.7494496376537], [-111.40408498260575, 33.7494496376537], [-111.40408498260575, 33.749357046351236], [-111.40510350132183, 33.749357046351236], [-111.40510350132183, 33.7494496376537], [-111.40519609442288, 33.7494496376537], [-111.40519609442288, 33.7495422307548], [-111.40575165033147, 33.7495422307548], [-111.40575165033147, 33.7494496376537], [-111.40602942693675, 33.7494496376537], [-111.40602942783607, 33.74963482295652], [-111.40630720534068, 33.74963482295652], [-111.40630720534068, 33.749727416057624], [-111.40639979754246, 33.749727416057624], [-111.40639979754246, 33.749820009158725], [-111.40649239154288, 33.749820009158725], [-111.40649239154288, 33.74991260046119], [-111.40658498284535, 33.74991260046119], [-111.40658498284535, 33.75000519446161], [-111.40667757594645, 33.75000519446161], [-111.40667757594645, 33.75009778576401], [-111.40714053875388, 33.75009778576401], [-111.40714053875388, 33.75019037886511], [-111.40741831715786, 33.75019037886511], [-111.40741831715786, 33.750282971066895], [-111.40797387216708, 33.750282971066895], [-111.40797387216708, 33.750375564167996], [-111.40806646526818, 33.750375564167996], [-111.40806646526818, 33.75046815726904], [-111.40815905746996, 33.75046815726904], [-111.40815905746996, 33.7505607485715], [-111.408251650571, 33.7505607485715], [-111.408251650571, 33.7506533416726], [-111.40834424277278, 33.7506533416726], [-111.40834424277278, 33.75074593387433], [-111.40843683497457, 33.75074593387433], [-111.40843683497457, 33.75083852697543], [-111.40871461337849, 33.75083852697543], [-111.40871461337849, 33.75093112007653], [-111.40936276238818, 33.75093112007653], [-111.40936276238818, 33.75083852697543], [-111.41056646550771, 33.75083852697543], [-111.41056646550771, 33.75093112007653], [-111.41093683611342, 33.75093112007653], [-111.41093683611342, 33.75083852697543], [-111.4110294283152, 33.75083852697543], [-111.4110294283152, 33.75074593387433], [-111.4111220214163, 33.75074593387433], [-111.4111220214163, 33.7506533416726], [-111.41149239202201, 33.7506533416726], [-111.41149239202201, 33.7505607485715], [-111.4118627617284, 33.7505607485715], [-111.4118627617284, 33.7506533416726], [-111.41352942945412, 33.7506533416726], [-111.41352942945412, 33.7505607485715], [-111.41371461475694, 33.7505607485715], [-111.41371461475694, 33.75046815636972], [-111.41380720695872, 33.75046815636972], [-111.41380720695872, 33.750375564167996], [-111.4138997991605, 33.750375564167996], [-111.4138997991605, 33.750282971066895], [-111.41399239226155, 33.750282971066895], [-111.41399239226155, 33.75019037886511], [-111.41408498446333, 33.75019037886511], [-111.41408498446333, 33.75009778576401], [-111.41427016976621, 33.75009778576401], [-111.41427016976621, 33.75000519266291], [-111.41436276376663, 33.75000519266291], [-111.41436276376663, 33.74963482295652], [-111.41445535506904, 33.74963482295652], [-111.41445535506904, 33.74954222985548], [-111.41538128068402, 33.74954222985548], [-111.41538128068402, 33.74963482295652], [-111.41575165218904, 33.74963482295652], [-111.41575165218904, 33.749727415158304], [-111.41602942969365, 33.749727415158304], [-111.41602942969365, 33.749820008259405], [-111.41612202189543, 33.749820008259405], [-111.41612202189543, 33.74991260046119], [-111.41658498560224, 33.74991260046119], [-111.41658498560224, 33.749820008259405], [-111.41723313281324, 33.749820008259405], [-111.41723313281324, 33.749727415158304], [-111.41760350341895, 33.749727415158304], [-111.41760350341895, 33.74963482295652], [-111.41788128182287, 33.74963482295652], [-111.41788128182287, 33.74954222985548], [-111.41797387402465, 33.74954222985548], [-111.41797387402465, 33.74944963675438], [-111.41806646712575, 33.74944963675438], [-111.41806646712575, 33.749357045451916], [-111.4181590602268, 33.749357045451916], [-111.4181590602268, 33.749264452350815], [-111.41852942993319, 33.749264452350815], [-111.41852942993319, 33.74917186014909], [-111.4192701711446, 33.74917186014909], [-111.4192701711446, 33.74907926704799], [-111.42010350365848, 33.74907926704799], [-111.42010350365848, 33.74898667394689], [-111.42028868986068, 33.74898667394689], [-111.42028868986068, 33.74889408174511], [-111.42038128206246, 33.74889408174511], [-111.42038128206246, 33.748801488644006], [-111.42047387516351, 33.748801488644006], [-111.42047387516351, 33.74870889644228], [-111.42056646736529, 33.74870889644228], [-111.42056646736529, 33.7486163042405], [-111.42065906046639, 33.7486163042405], [-111.42065906046639, 33.748431118937674], [-111.42075165266817, 33.748431118937674], [-111.42075165266817, 33.74833852583657], [-111.4208442448699, 33.74833852583657], [-111.4208442448699, 33.748060748331966], [-111.420936837971, 33.748060748331966], [-111.420936837971, 33.74787556302908], [-111.42102943017278, 33.74787556302908], [-111.42102943017278, 33.74778296992798], [-111.42112202327388, 33.74778296992798], [-111.42112202327388, 33.7476903777262], [-111.42121461637493, 33.7476903777262], [-111.42121461637493, 33.747505192423375], [-111.42130720767739, 33.747505192423375], [-111.42130720767739, 33.747412600221594], [-111.42139980077849, 33.747412600221594], [-111.42139980077849, 33.74732000712049], [-111.42149239298027, 33.74732000712049], [-111.42149239298027, 33.74722741491877], [-111.42158498608131, 33.74722741491877], [-111.42158498608131, 33.74676445211128], [-111.42149239298027, 33.74676445211128], [-111.42149239298027, 33.74482000688096], [-111.42158498608131, 33.74482000688096], [-111.42158498608131, 33.74454222937635], [-111.4216775782831, 33.74454222937635], [-111.4216775782831, 33.744264450972366], [-111.4217701713842, 33.744264450972366], [-111.4217701713842, 33.74398667346776], [-111.42186276358598, 33.74398667346776], [-111.42186276358598, 33.74361630376137], [-111.4219553557877, 33.74361630376137], [-111.4219553557877, 33.74352370976095], [-111.4220479488888, 33.74352370976095], [-111.4220479488888, 33.742875561650635], [-111.42214054109058, 33.742875561650635], [-111.42214054109058, 33.74278297034823], [-111.42223313419169, 33.74278297034823], [-111.42223313419169, 33.74269037634781], [-111.42232572729273, 33.74269037634781], [-111.42232572729273, 33.74259778414603], [-111.42241831949451, 33.74259778414603], [-111.42241831949451, 33.74250519194425], [-111.42251091169629, 33.74250519194425], [-111.42251091169629, 33.742412598843146], [-111.42260350389807, 33.742412598843146], [-111.42260350389807, 33.74232000754074], [-111.42269609699912, 33.74232000754074], [-111.42269609699912, 33.74222741354032], [-111.42278869010022, 33.74222741354032], [-111.42278869010022, 33.74204222823744], [-111.422881282302, 33.74204222823744], [-111.422881282302, 33.74167185853105], [-111.42297387450378, 33.74167185853105], [-111.42297387450378, 33.740097783906435], [-111.422881282302, 33.740097783906435], [-111.422881282302, 33.74000519080539], [-111.42278868830158, 33.74000519080539], [-111.42278868830158, 33.73991259950293], [-111.42269609699912, 33.73991259950293], [-111.42269609699912, 33.73982000550251], [-111.42278868830158, 33.73982000550251], [-111.42278868830158, 33.739727414200104], [-111.422881282302, 33.739727414200104], [-111.422881282302, 33.739634821099], [-111.42297387450378, 33.739634821099], [-111.42297387450378, 33.73944963579612], [-111.42306646760483, 33.73944963579612], [-111.42306646760483, 33.739264451392614], [-111.42315905980661, 33.739264451392614], [-111.42315905980661, 33.73917185739219], [-111.42334424510949, 33.73917185739219], [-111.42334424510949, 33.73907926519041], [-111.42352943041232, 33.73907926519041], [-111.42352943041232, 33.73898667298863], [-111.4236220226141, 33.73898667298863], [-111.4236220226141, 33.7385237101812], [-111.4237146157152, 33.7385237101812], [-111.4237146157152, 33.7384311170801], [-111.42380720791692, 33.7384311170801], [-111.42380720791692, 33.738245931777215], [-111.42389980101802, 33.738245931777215], [-111.42389980101802, 33.73815333957549], [-111.4239923932198, 33.73815333957549], [-111.4239923932198, 33.73806074647439], [-111.42408498542159, 33.73806074647439], [-111.42408498542159, 33.73796815427261], [-111.42417757852263, 33.73796815427261], [-111.42417757852263, 33.737875561171506], [-111.42427017072441, 33.737875561171506], [-111.42427017072441, 33.73778296896978], [-111.42436276472483, 33.73778296896978], [-111.42436276472483, 33.73769037586868], [-111.4244553560273, 33.73769037586868], [-111.4244553560273, 33.7375977836669], [-111.42454794912834, 33.7375977836669], [-111.42454794912834, 33.73750519146512], [-111.42464054133012, 33.73750519146512], [-111.42464054133012, 33.7374125974647], [-111.4247331335319, 33.7374125974647], [-111.4247331335319, 33.73732000616229], [-111.42482572753232, 33.73732000616229], [-111.42482572753232, 33.73722741306119], [-111.42491831883473, 33.73722741306119], [-111.42491831883473, 33.73713482085941], [-111.42501091193583, 33.73713482085941], [-111.42501091193583, 33.737042227758366], [-111.42519609633939, 33.737042227758366], [-111.42519609633939, 33.736949634657265], [-111.42528869033981, 33.736949634657265], [-111.42528869033981, 33.7368570433548], [-111.42538128164222, 33.7368570433548], [-111.42538128164222, 33.7367644502537], [-111.4258442444497, 33.7367644502537], [-111.4258442444497, 33.7366718571526], [-111.42593683845013, 33.7366718571526], [-111.42593683845013, 33.736579264950876], [-111.42602943065191, 33.736579264950876], [-111.42602943065191, 33.736486671849775], [-111.42612202375295, 33.736486671849775], [-111.42612202375295, 33.736394079647994], [-111.42649239345934, 33.736394079647994], [-111.42649239345934, 33.73630148654689], [-111.426770170964, 33.73630148654689], [-111.426770170964, 33.73620889434517], [-111.42686276406505, 33.73620889434517], [-111.42686276406505, 33.73611630214339], [-111.42695535626683, 33.73611630214339], [-111.42695535626683, 33.735931116840504], [-111.42704794936793, 33.735931116840504], [-111.42704794936793, 33.73583852373946], [-111.42741832087296, 33.73583852373946], [-111.42741832087296, 33.73574593063836], [-111.42769609837757, 33.73574593063836], [-111.42769609747825, 33.7356533393359], [-111.42788128368045, 33.7356533393359], [-111.42788128368045, 33.735560746234796], [-111.42806646718464, 33.735560746234796], [-111.42806646718464, 33.73546815313375], [-111.42815906118506, 33.73546815313375], [-111.42815906118506, 33.73537556093197], [-111.42834424648794, 33.73537556093197], [-111.42834424648794, 33.73528296783087], [-111.42843683779034, 33.73528296783087], [-111.42843683779034, 33.73519037562909], [-111.42852943179076, 33.73519037562909], [-111.42852943179076, 33.73509778342736], [-111.42862202399255, 33.73509778342736], [-111.42862202399255, 33.73500519032626], [-111.42871461529495, 33.73500519032626], [-111.42871461529495, 33.73491259812448], [-111.42880720929537, 33.73491259812448], [-111.42880720929537, 33.73482000502338], [-111.42889980059783, 33.73482000502338], [-111.42889980059783, 33.734727412821655], [-111.42899239459825, 33.734727412821655], [-111.42899239459825, 33.734634819720554], [-111.42908498680004, 33.734634819720554], [-111.42908498680004, 33.73444963531699], [-111.42917757900176, 33.73444963531699], [-111.42917757900176, 33.73435704221595], [-111.42927017210286, 33.73435704221595], [-111.42927017210286, 33.733616301004474], [-111.42936276340532, 33.733616301004474], [-111.42936276340532, 33.73343111570165], [-111.42945535740574, 33.73343111570165], [-111.42945535740574, 33.73333852260055], [-111.42954794960747, 33.73333852260055], [-111.42954794960747, 33.73324593129814], [-111.42964054180925, 33.73324593129814], [-111.42964054180925, 33.73315333819704], [-111.42991832021318, 33.73315333819704], [-111.42991832021318, 33.73306074599526], [-111.43010350551606, 33.73306074599526], [-111.43010350551606, 33.73296815289416], [-111.43019609771784, 33.73296815289416], [-111.43019609771784, 33.73287555979306], [-111.43028868991956, 33.73287555979306], [-111.43028868991956, 33.73269037449023], [-111.43038128302067, 33.73269037449023], [-111.43038128302067, 33.73259778318777], [-111.43093683892926, 33.73259778318777], [-111.43093683892926, 33.73250519008667], [-111.43102943113098, 33.73250519008667], [-111.43102943113098, 33.732412596985625], [-111.43121461643386, 33.732412596985625], [-111.43121461643386, 33.732320004783844], [-111.43139980263607, 33.732320004783844], [-111.43139980263607, 33.73222741168274], [-111.43149239393847, 33.73222741168274], [-111.43149239393847, 33.73213481948096], [-111.43158498703957, 33.73213481948096], [-111.43158498703957, 33.73204222637992], [-111.43177017144308, 33.73204222637992], [-111.43177017144308, 33.73213481948096], [-111.43195535674596, 33.73213481948096], [-111.43195535674596, 33.73222741168274], [-111.43204794984706, 33.73222741168274], [-111.43204794984706, 33.732320004783844], [-111.43214054294816, 33.732320004783844], [-111.43214054294816, 33.732412596985625], [-111.43232572825099, 33.732412596985625], [-111.43232572825099, 33.73250519008667], [-111.4326035057556, 33.73250519008667], [-111.4326035057556, 33.732412596985625], [-111.43278869105848, 33.732412596985625], [-111.43278869105848, 33.732320004783844], [-111.4329738763613, 33.732320004783844], [-111.4329738763613, 33.73222741168274], [-111.43306646856308, 33.73222741168274], [-111.43306646856308, 33.73213481948096], [-111.43315906076486, 33.73213481948096], [-111.43315906076486, 33.73204222637992], [-111.43325165386597, 33.73204222637992], [-111.43325165386597, 33.731857041976355], [-111.43334424696701, 33.731857041976355], [-111.43334424606769, 33.73157926357243], [-111.43343683916879, 33.73157926357243], [-111.43343683916879, 33.73148667137065], [-111.4337146166734, 33.73148667137065], [-111.4337146166734, 33.731394079168865], [-111.43389980197628, 33.731394079168865], [-111.43389980197628, 33.73130148606782], [-111.43445535788481, 33.73130148606782], [-111.43445535788481, 33.731394078269545], [-111.4349183206923, 33.731394078269545], [-111.4349183206923, 33.73148667137065], [-111.43510350599519, 33.73148667137065], [-111.43510350599519, 33.73157926357243], [-111.43538128439911, 33.73157926357243], [-111.43538128439911, 33.73167185577421], [-111.43612202471121, 33.73167185577421], [-111.43612202471121, 33.73176444887525], [-111.43658498841802, 33.73176444887525], [-111.43658498841802, 33.731857041077035], [-111.4366775806198, 33.731857041077035], [-111.4366775806198, 33.731949634178136], [-111.43677017282153, 33.731949634178136], [-111.43677017282153, 33.73204222637992], [-111.43704795122551, 33.73204222637992], [-111.43704795122551, 33.73213481948096], [-111.43723313652833, 33.73213481948096], [-111.43723313652833, 33.73204222637992], [-111.43741832093184, 33.73204222637992], [-111.43741832093184, 33.731949634178136], [-111.43760350713404, 33.731949634178136], [-111.43760350713404, 33.731857041077035], [-111.43769609933582, 33.731857041077035], [-111.43769609933582, 33.73176444887525], [-111.4377886915376, 33.73176444887525], [-111.4377886915376, 33.73167185577421], [-111.43788128463865, 33.73167185577421], [-111.43788128463865, 33.73157926357243], [-111.43797387684043, 33.73157926267311], [-111.43797387684043, 33.73148667137065], [-111.43806646994153, 33.73148667137065], [-111.43806646994153, 33.731394078269545], [-111.43815906214331, 33.731394078269545], [-111.43815906214331, 33.73148667137065], [-111.43889980245541, 33.73148667137065], [-111.43889980245541, 33.731394078269545], [-111.43927017396044, 33.731394078269545], [-111.43927017396044, 33.73130148606782], [-111.43936276616216, 33.73130148606782], [-111.43936276616216, 33.73120889296672], [-111.43954795056572, 33.73120889296672], [-111.43954795056572, 33.73111629986562], [-111.43964054456615, 33.73111629986562], [-111.43964054456615, 33.73102370856316], [-111.43982572896965, 33.73102370856316], [-111.43982572896965, 33.730931114562736], [-111.43991832207075, 33.730931114562736], [-111.43991832207075, 33.73083852326033], [-111.44001091337321, 33.73083852326033], [-111.44001091337321, 33.73074593015923], [-111.44010350737364, 33.73074593015923], [-111.44010350737364, 33.73065333705813], [-111.44019609957536, 33.73065333705813], [-111.44019609957536, 33.73056074485635], [-111.44028869267646, 33.73056074485635], [-111.44028869267646, 33.7304681517553], [-111.44038128487824, 33.7304681517553], [-111.44038128487824, 33.73037556045284], [-111.44047387618065, 33.73037555955352], [-111.44047387618065, 33.73028296645242], [-111.44065906238285, 33.73028296645242], [-111.44065906238285, 33.73019037425064], [-111.44075165548395, 33.73019037425064], [-111.44075165548395, 33.72991259584671], [-111.44084424768573, 33.72991259584671], [-111.44084424768573, 33.72972741144321], [-111.44093684078678, 33.72972741144321], [-111.44093684078678, 33.729634818342106], [-111.44121461829144, 33.729634818342106], [-111.44121461829144, 33.729542226140325], [-111.44130721049316, 33.729542226140325], [-111.44130721049316, 33.72944963303922], [-111.44139980449359, 33.72944963303922], [-111.44139980449359, 33.7293570408375], [-111.44149239579605, 33.7293570408375], [-111.44149239579605, 33.72917185553462], [-111.44158498979647, 33.72917185553462], [-111.44158498979647, 33.729079263332835], [-111.44167758109887, 33.729079263332835], [-111.44167758109887, 33.7286163005254], [-111.44177017330065, 33.7286163005254], [-111.44177017330065, 33.7283385212221], [-111.44186276640175, 33.7283385212221], [-111.44186276640175, 33.72843111522252], [-111.44195535860354, 33.72843111522252], [-111.44195535860354, 33.72852370652498], [-111.44204795260396, 33.72852370652498], [-111.44204795260396, 33.7286163005254], [-111.44297387821888, 33.7286163005254], [-111.44297387821888, 33.72870889182781], [-111.44325165572349, 33.72870889182781], [-111.44325165572349, 33.72880148492891], [-111.44343684102637, 33.72880148492891], [-111.44343684102637, 33.72870889182781], [-111.44436276664129, 33.72870889182781], [-111.44436276664129, 33.72852370652498], [-111.44445536064171, 33.72852370652498], [-111.44445536064171, 33.72824592902032], [-111.44454795194417, 33.72824592902032], [-111.44454795194417, 33.72815333771791], [-111.44464054504527, 33.72815333771791], [-111.44464054504527, 33.72806074371749], [-111.444733137247, 33.72806074371749], [-111.444733137247, 33.72796815241503], [-111.44482572944878, 33.72796815241503], [-111.44482572944878, 33.72787555841461], [-111.4449183234492, 33.72787555841461], [-111.4449183234492, 33.727690374011104], [-111.44501091475166, 33.727690374011104], [-111.44501091475166, 33.72759778091], [-111.44510350875208, 33.72759778091], [-111.44510350875208, 33.72750518870828], [-111.44519610005449, 33.72750518870828], [-111.44519610005449, 33.72741259560718], [-111.44528869315559, 33.72741259560718], [-111.44528869315559, 33.727320003405396], [-111.44584424906412, 33.727320003405396], [-111.44584424906412, 33.72741259560718], [-111.44593684036658, 33.72741259560718], [-111.44593684036658, 33.72750518870828], [-111.446029434367, 33.72750518870828], [-111.446029434367, 33.72759778091], [-111.44612202656879, 33.72759778091], [-111.44612202656879, 33.727690374011104], [-111.44621461966989, 33.727690374011104], [-111.44621461966989, 33.727782966212885], [-111.44630721187161, 33.727782966212885], [-111.44630721187161, 33.72787555841461], [-111.4463998040734, 33.72787555841461], [-111.4463998040734, 33.72796815151571], [-111.4464923971745, 33.72796815151571], [-111.4464923971745, 33.72806074371749], [-111.44658498937622, 33.72806074371749], [-111.44658498937622, 33.72815333771791], [-111.44667758247732, 33.72815333771791], [-111.44667758247732, 33.72824592902032], [-111.4467701746791, 33.72824592902032], [-111.4467701746791, 33.7283385212221], [-111.44686276688088, 33.7283385212221], [-111.44686276867952, 33.7284311143232], [-111.44695535998193, 33.7284311143232], [-111.44695535998193, 33.72852370652498], [-111.44741832278942, 33.72852370652498], [-111.44741832278942, 33.7286163005254], [-111.44751091589052, 33.7286163005254], [-111.44751091589052, 33.72870889182781], [-111.4476035080923, 33.72870889182781], [-111.4476035080923, 33.72880148492891], [-111.4476961011934, 33.72880148492891], [-111.4476961011934, 33.72889407713069], [-111.44778869429445, 33.72889407713069], [-111.44778869429445, 33.728986669332414], [-111.4478812855969, 33.728986669332414], [-111.4478812855969, 33.729079263332835], [-111.44797387959733, 33.729079263332835], [-111.44797387959733, 33.7291718546353], [-111.44936276801974, 33.7291718546353], [-111.44936276801974, 33.72926444863572], [-111.44945536112084, 33.72926444863572], [-111.44945536112084, 33.729542226140325], [-111.44954795332262, 33.729542226140325], [-111.44954795332262, 33.729634817442786], [-111.44964054552435, 33.729634817442786], [-111.44964054552435, 33.72972741144321], [-111.44973313952477, 33.72972741144321], [-111.44973313952477, 33.72982000274561], [-111.44982573082723, 33.72982000274561], [-111.44982573082723, 33.72991259584671], [-111.44991832392833, 33.72991259584671], [-111.44991832392833, 33.730097781149595], [-111.45065906513975, 33.730097781149595], [-111.45065906513975, 33.73019037425064], [-111.45121462014896, 33.73019037425064], [-111.45121462014896, 33.730097781149595], [-111.45130721325006, 33.730097781149595], [-111.45130721325006, 33.730005188048494], [-111.45167758295645, 33.730005188048494], [-111.45167758295645, 33.72991259584671], [-111.45195536136038, 33.72991259584671], [-111.45195536136038, 33.72982000274561], [-111.45214054576394, 33.72982000274561], [-111.45214054576394, 33.72972741144321], [-111.45260351037007, 33.72972741144321], [-111.45260350857143, 33.729542225241005], [-111.45269610167247, 33.729542225241005], [-111.45269610167247, 33.72935703993812], [-111.45278869477357, 33.72935703993812], [-111.45278869477357, 33.72926444863572], [-111.45288128697536, 33.72926444863572], [-111.45288128697536, 33.7291718546353], [-111.45297388007646, 33.7291718546353], [-111.45297388007646, 33.729079262433515], [-111.45306647317756, 33.729079262433515], [-111.45306647317756, 33.728986669332414], [-111.45334424978284, 33.728986669332414], [-111.45334424978284, 33.729542225241005], [-111.45352943598499, 33.729542225241005], [-111.45352943598499, 33.729634817442786], [-111.45362202818677, 33.729634817442786], [-111.45362202818677, 33.72972741144321], [-111.45371462128787, 33.72972741144321], [-111.45371462128787, 33.72982000274561], [-111.45389980569138, 33.72982000274561], [-111.45389980569138, 33.72991259584671], [-111.45408499099426, 33.72991259584671], [-111.45408499099426, 33.730005188048494], [-111.45417758409536, 33.730005188048494], [-111.45417758409536, 33.730097781149595], [-111.4542701771964, 33.730097781149595], [-111.4542701771964, 33.73019037425064], [-111.45445536249929, 33.73019037425064], [-111.45445536249929, 33.7302829655531], [-111.45491832530678, 33.7302829655531], [-111.45491832530678, 33.73037555955352], [-111.45501091660918, 33.73037555955352], [-111.45501091660918, 33.73046815085593], [-111.4551035106096, 33.73046815085593], [-111.4551035106096, 33.73056074395703], [-111.45538128811421, 33.73056074395703], [-111.45538128811421, 33.73065333705813], [-111.45547388121531, 33.73065333705813], [-111.45547388121531, 33.73056074395703], [-111.4555664734171, 33.73056074395703], [-111.4555664734171, 33.73046815085593], [-111.45575165871998, 33.73046815085593], [-111.45575165871998, 33.73056074395703], [-111.45602943622458, 33.73056074395703], [-111.45602943622458, 33.73065333615881], [-111.45612202842631, 33.73065333615881], [-111.45612202842631, 33.73074592925991], [-111.45639980683029, 33.73074592925991], [-111.45639980683029, 33.73083852236101], [-111.45649239903202, 33.73083852236101], [-111.45649239903202, 33.73093111366342], [-111.45658499213312, 33.73093111366342], [-111.45658499213312, 33.7311162989663], [-111.45667758523422, 33.7311162989663], [-111.45667758523422, 33.7312088920674], [-111.45677017653668, 33.7312088920674], [-111.45677017653668, 33.731301485168444], [-111.4568627705371, 33.731301485168444], [-111.4568627705371, 33.7312088920674], [-111.4569553618395, 33.7312088920674], [-111.4569553618395, 33.7311162989663], [-111.4576035108492, 33.7311162989663], [-111.4576035108492, 33.7312088920674], [-111.45825165895951, 33.7312088920674], [-111.45825165895951, 33.731301485168444], [-111.45889980706983, 33.731301485168444], [-111.45889980706983, 33.7312088920674], [-111.45899239927161, 33.7312088920674], [-111.45899239927161, 33.73093111366342], [-111.45908499237271, 33.73093111366342], [-111.45908499237271, 33.73083852236101], [-111.45917758457443, 33.73083852236101], [-111.45917758457443, 33.730097781149595], [-111.45927017857485, 33.730097781149595], [-111.45927017857485, 33.73037555775488], [-111.45936276987732, 33.73037555775488], [-111.45936276987732, 33.73065333615881], [-111.45945536387774, 33.73065333615881], [-111.45945536387774, 33.73074592925991], [-111.45954795518014, 33.73074592925991], [-111.45954795518014, 33.73083852236101], [-111.45964054738192, 33.73083852146169], [-111.45964054738192, 33.73093111366342], [-111.45973314138234, 33.73093111366342], [-111.45973314138234, 33.731301485168444], [-111.4598257326848, 33.731301485168444], [-111.4598257326848, 33.731394077370226], [-111.45991832668523, 33.731394077370226], [-111.45991832668523, 33.73148667047133], [-111.46001091888695, 33.73148667047133], [-111.46001091888695, 33.73157926177379], [-111.46010351018941, 33.73157926177379], [-111.46010351018941, 33.73167185487483], [-111.46019610418983, 33.73167185487483], [-111.46019610418983, 33.73157926177379], [-111.46038128949266, 33.73157926177379], [-111.46038128949266, 33.731949633278816], [-111.46028869549224, 33.731949633278816], [-111.46028869549224, 33.73259778138913], [-111.46038128949266, 33.73259778138913], [-111.46038128949266, 33.73269037359091], [-111.46056647479554, 33.73269037359091], [-111.46056647479554, 33.73296815109552], [-111.46065906699732, 33.73296815109552], [-111.46065906699732, 33.73315333729772], [-111.46075165919905, 33.73315333729772], [-111.46075165919905, 33.733616300105155], [-111.46102943760303, 33.733616300105155], [-111.46102943760303, 33.733708892306936], [-111.46112202980476, 33.733708892306936], [-111.46112202980476, 33.73380148540804], [-111.46121462380518, 33.73380148540804], [-111.46121462380518, 33.73389407671044], [-111.46130721510764, 33.73389407671044], [-111.46130721510764, 33.73398666981154], [-111.46139980730942, 33.73398666981154], [-111.46139980730942, 33.734171855114425], [-111.46149240130984, 33.734171855114425], [-111.46149240130984, 33.73435703951793], [-111.46158499261225, 33.73435703951793], [-111.46158499261225, 33.73444963351835], [-111.46167758661267, 33.73444963351835], [-111.46167758661267, 33.73463481792186], [-111.46177017791513, 33.73463481792186], [-111.46177017791513, 33.73472741102296], [-111.46186277101617, 33.73472741102296], [-111.46186277101617, 33.73482000322474], [-111.46195536411727, 33.73482000322474], [-111.46195536411727, 33.73491259632584], [-111.46204795541973, 33.73491259632584], [-111.46204795541973, 33.73500518852762], [-111.46232573472298, 33.73500518852762], [-111.46232573472298, 33.73509778162867], [-111.46241832692476, 33.73509778162867], [-111.46241832692476, 33.73519037383045], [-111.46251091912654, 33.73519037383045], [-111.46251091912654, 33.73528296603223], [-111.46260351222764, 33.73528296603223], [-111.46260351222764, 33.73537555913333], [-111.46269610442937, 33.73537555913333], [-111.46269610442937, 33.735468152234375], [-111.46278869753047, 33.735468152234375], [-111.46278869753047, 33.73556074443616], [-111.46288128973225, 33.73556074443616], [-111.46288128973225, 33.73565333663794], [-111.46297388193398, 33.73565333663794], [-111.46297388193398, 33.73574592883966], [-111.46306647503508, 33.73574592883966], [-111.46306647503508, 33.735838521940764], [-111.46315906723686, 33.735838521940764], [-111.46315906723686, 33.735931115041865], [-111.46325166033796, 33.735931115041865], [-111.46325166033796, 33.736023707243646], [-111.46334425253974, 33.736023707243646], [-111.46334425253974, 33.73611629944543], [-111.46343684654016, 33.73611629944543], [-111.46343684654016, 33.73620889254647], [-111.46352943784257, 33.73620889254647], [-111.46352943784257, 33.735931115041865], [-111.46362203094367, 33.735931115041865], [-111.46362203094367, 33.735838521940764], [-111.46371462314545, 33.735838521940764], [-111.46371462314545, 33.73574592883966], [-111.46380721534717, 33.73574592883966], [-111.46380721534717, 33.73556074443616], [-111.46371462314545, 33.73556074443616], [-111.46371462314545, 33.73537555913333], [-111.46362203094367, 33.73537555913333], [-111.46362203094367, 33.73528296603223], [-111.46352943784257, 33.73528296603223], [-111.46352943784257, 33.73472741102296], [-111.46362203094367, 33.73472741102296], [-111.46362203094367, 33.73463481792186], [-111.46371462314545, 33.73463481792186], [-111.46371462314545, 33.73454222572013], [-111.46389980844828, 33.73454222572013], [-111.46389980844828, 33.73444963351835], [-111.46399240065006, 33.73444963351835], [-111.46399240065006, 33.73435703951793], [-111.46408499465048, 33.73435703951793], [-111.46408499465048, 33.73426444821553], [-111.46417758595288, 33.73426444821553], [-111.46417758595288, 33.734171855114425], [-111.46427017905398, 33.734171855114425], [-111.46427017905398, 33.734079262013324], [-111.46436277125576, 33.734079262013324], [-111.46436277125576, 33.73398666981154], [-111.46445536345755, 33.73398666981154], [-111.46445536345755, 33.73389407671044], [-111.46454795745797, 33.73389407671044], [-111.46454795745797, 33.73380148540804], [-111.46464054876037, 33.73380148540804], [-111.46464054876037, 33.733708892306936], [-111.4649183271643, 33.733708892306936], [-111.4649183271643, 33.733616299205835], [-111.46519610556828, 33.733616299205835], [-111.46519610556828, 33.733708892306936], [-111.46528869777, 33.733708892306936], [-111.46528869777, 33.73380148540804], [-111.46547388307289, 33.73380148540804], [-111.46547388307289, 33.73389407671044], [-111.46556647527467, 33.73389407671044], [-111.46556647527467, 33.73398666981154], [-111.46565906837577, 33.73398666981154], [-111.46565906837577, 33.734079262013324], [-111.4657516605775, 33.734079262013324], [-111.4657516605775, 33.73426444821553], [-111.46593684588038, 33.73426444821553], [-111.46593684588038, 33.734171855114425], [-111.4661220311832, 33.734171855114425], [-111.4661220311832, 33.734079262013324], [-111.46630721648609, 33.734079262013324], [-111.46630721648609, 33.73398666981154], [-111.46649240178891, 33.73398666981154], [-111.46649240178891, 33.734171855114425], [-111.4665849939907, 33.734171855114425], [-111.4665849939907, 33.73426444821553], [-111.4666775870918, 33.73426444821553], [-111.4666775870918, 33.73435703951793], [-111.46677017929358, 33.73435703951793], [-111.46677017929358, 33.73444963351835], [-111.4668627714953, 33.73444963351835], [-111.4668627714953, 33.734542224820814], [-111.46695536549572, 33.734542224820814], [-111.46695536549572, 33.73463481792186], [-111.46704795679818, 33.73463481792186], [-111.46704795679818, 33.73472741102296], [-111.46714054989928, 33.73472741102296], [-111.46714054989928, 33.73491259632584], [-111.46723314210101, 33.73491259632584], [-111.46723314300033, 33.73509778162867], [-111.46732573520211, 33.73509778162867], [-111.46732573520211, 33.73519037383045], [-111.46751091960562, 33.73519037383045], [-111.46751091960562, 33.73528296603223], [-111.46760351270672, 33.73528296603223], [-111.46760351270672, 33.73537555913333], [-111.46769610580782, 33.73537555913333], [-111.46769610580782, 33.735468150435736], [-111.4677886980096, 33.735468150435736], [-111.4677886980096, 33.73556074443616], [-111.4678812911107, 33.73556074443616], [-111.4678812911107, 33.73565333663794], [-111.46797388331242, 33.73565333663794], [-111.46797388331242, 33.73574592883966], [-111.46806647641353, 33.73574592883966], [-111.46806647641353, 33.735838521940764], [-111.46815906861531, 33.735838521940764], [-111.46815906861531, 33.735931114142545], [-111.46825166081709, 33.735931114142545], [-111.46825166081709, 33.73611629944543], [-111.46834425391813, 33.73611629944543], [-111.46834425391813, 33.73620889254647], [-111.46843684701923, 33.73620889254647], [-111.46843684701923, 33.73630148474825], [-111.46852943922102, 33.73630148474825], [-111.46852943922102, 33.736394076950035], [-111.46871462362452, 33.736394076950035], [-111.46871462362452, 33.736486670051136], [-111.46917758733133, 33.736486670051136], [-111.46917758733133, 33.736394076950035], [-111.46936277263421, 33.736394076950035], [-111.46936277263421, 33.73630148474825], [-111.46945536483594, 33.73630148474825], [-111.46945536483594, 33.73620889254647], [-111.46954795793704, 33.73620889254647], [-111.46954795793704, 33.73611629944543], [-111.46982573634102, 33.73611629854605], [-111.46982573634102, 33.73620889254647], [-111.47001092074453, 33.73620889254647], [-111.47001092074453, 33.73630148474825], [-111.47056647665312, 33.73630148474825], [-111.47056647665312, 33.73620889254647], [-111.47065906885484, 33.73620889254647], [-111.47065906885484, 33.73611629854605], [-111.47075166195594, 33.73611629854605], [-111.47075166195594, 33.736023707243646], [-111.47084425415773, 33.736023707243646], [-111.47084425415773, 33.735931114142545], [-111.47093684725883, 33.735931114142545], [-111.47093684725883, 33.735838521940764], [-111.47112203166233, 33.735838521940764], [-111.47112203166233, 33.73574592883966], [-111.47130721696522, 33.73574592883966], [-111.47130721696522, 33.735838521940764], [-111.47139981006626, 33.735838521940764], [-111.47139981006626, 33.735931114142545], [-111.47158499446982, 33.735931114142545], [-111.47158499446982, 33.736023707243646], [-111.47186277287375, 33.736023707243646], [-111.47186277287375, 33.73611629854605], [-111.47195536597485, 33.73611629854605], [-111.47195536597485, 33.73620889254647], [-111.47214055127773, 33.73620889254647], [-111.47214055127773, 33.73630148474825], [-111.47223314347946, 33.73630148474825], [-111.47223314347946, 33.736394076950035], [-111.47260351408516, 33.736394076950035], [-111.47260351408516, 33.736486670051136], [-111.47315906999376, 33.736486670051136], [-111.47315906999376, 33.73657926135354], [-111.47334425439726, 33.73657926135354], [-111.47334425439726, 33.73667185535396], [-111.47352943970014, 33.73667185535396], [-111.47352943970014, 33.73676444755574], [-111.47362203280125, 33.73676444755574], [-111.47362203280125, 33.736857040656844], [-111.47380721810407, 33.736857040656844], [-111.47380721810407, 33.73694963285857], [-111.47389981120517, 33.73694963285857], [-111.47389981120517, 33.73704222506035], [-111.47408499650805, 33.73704222506035], [-111.47408499650805, 33.73713481816145], [-111.47445536531507, 33.73713481816145], [-111.47445536531507, 33.73722741036323], [-111.47510351432476, 33.737227409463856], [-111.47510351432476, 33.737320003464276], [-111.47538129272868, 33.737320003464276], [-111.47538129272868, 33.73741259566606], [-111.47547388493047, 33.73741259566606], [-111.47547388493047, 33.73750518876716], [-111.47556647803157, 33.73750518876716], [-111.47556647803157, 33.73759778096894], [-111.47565907023329, 33.73759778096894], [-111.47565907023329, 33.737690372271345], [-111.47621462524256, 33.737690372271345], [-111.47621462524256, 33.737782966271766], [-111.47649240454581, 33.737782966271766], [-111.47649240454581, 33.73787555847355], [-111.47686277335288, 33.73787555847355], [-111.47686277335288, 33.73796815157465], [-111.47714055265612, 33.73796815157465], [-111.47714055265612, 33.73806074377637], [-111.47751092236251, 33.73806074377637], [-111.47751092236251, 33.738153335978154], [-111.47760351546361, 33.738153335978154], [-111.47760351546361, 33.738245929079255], [-111.47788129296822, 33.738245929079255], [-111.47788129296822, 33.73833852128104], [-111.47797388517, 33.73833852128104], [-111.47797388517, 33.73843111438208], [-111.4780664782711, 33.73843111438208], [-111.4780664782711, 33.73852370658386], [-111.47815907047288, 33.73852370658386], [-111.47815907047288, 33.739542225299886], [-111.4782516644733, 33.739542225299886], [-111.4782516644733, 33.73963481750167], [-111.47852944107859, 33.73963481750167], [-111.47852944107859, 33.73972741150209], [-111.47871462728074, 33.73972741150209], [-111.47871462728074, 33.73982000280455], [-111.4788072185832, 33.73982000280455], [-111.4788072185832, 33.73991259680497], [-111.47889981258362, 33.73991259680497], [-111.47889981258362, 33.740097780309156], [-111.4789924047854, 33.740097780309156], [-111.4789924047854, 33.74019037430958], [-111.47917759008823, 33.74019037430958], [-111.47917759008823, 33.74028296561198], [-111.47936277539111, 33.74028296561198], [-111.47936277539111, 33.7403755596124], [-111.47964055289572, 33.7403755596124], [-111.47964055289572, 33.740468150914865], [-111.47982573819854, 33.740468150914865], [-111.47982573819854, 33.740560744015966], [-111.48001092350142, 33.740560744015966], [-111.48001092350142, 33.74065333711707], [-111.48019610970363, 33.74065333711707], [-111.48019610970363, 33.74074592841947], [-111.48028870100603, 33.74074592841947], [-111.48028870100603, 33.74083852241989], [-111.48038129410713, 33.74083852241989], [-111.48038129410713, 33.740931113722354], [-111.48047388630891, 33.740931113722354], [-111.48047388630891, 33.7410237068234], [-111.48056647851064, 33.7410237068234], [-111.48056647851064, 33.7411162999245], [-111.48075166381352, 33.7411162999245], [-111.48075166381352, 33.74120889212628], [-111.48158499812604, 33.74120889212628], [-111.48158499812604, 33.7411162999245], [-111.48167758942844, 33.7411162999245], [-111.48167758942844, 33.74120889212628], [-111.48186277563065, 33.74120889212628], [-111.48186277563065, 33.74130148522738], [-111.48204796093353, 33.74130148522738], [-111.48204796093353, 33.74139407652979], [-111.48214055313525, 33.74139407652979], [-111.48214055313525, 33.74148667053021], [-111.48223314623635, 33.74148667053021], [-111.48223314623635, 33.74157926273199], [-111.48232573843813, 33.74157926273199], [-111.48232573843813, 33.74167185493377], [-111.48241833153924, 33.74167185493377], [-111.48241833153924, 33.74176444803487], [-111.48251092374096, 33.74176444803487], [-111.48251092374096, 33.741857040236596], [-111.48269610904384, 33.741857040236596], [-111.48269610904384, 33.74176444803487], [-111.48325166495238, 33.74176444803487], [-111.48325166495238, 33.74167185493377], [-111.48399240616385, 33.74167185493377], [-111.48399240616385, 33.74157926183267], [-111.48417759146668, 33.74157926183267], [-111.48417759146668, 33.74148667053021], [-111.48427018276914, 33.74148667053021], [-111.48427018276914, 33.74139407652979], [-111.48436277587018, 33.74139407652979], [-111.48436277587018, 33.74130148522738], [-111.48454796117306, 33.74130148522738], [-111.48454796117306, 33.74120889212628], [-111.48464055427416, 33.74120889212628], [-111.48464055427416, 33.74111629902518], [-111.48473314647589, 33.74111629902518], [-111.48473314647589, 33.7410237068234], [-111.48491833177877, 33.7410237068234], [-111.48491833177877, 33.740931113722354], [-111.4851961101827, 33.740931113722354], [-111.4851961101827, 33.74083852241989], [-111.48528870238448, 33.74083852241989], [-111.48528870238448, 33.740931113722354], [-111.48556647988909, 33.740931113722354], [-111.48556647988909, 33.7410237068234], [-111.48584425829307, 33.7410237068234], [-111.48584425829307, 33.74111629902518], [-111.48602944269658, 33.74111629902518], [-111.48602944269658, 33.74120889212628], [-111.4863072211005, 33.74120889212628], [-111.4863072211005, 33.74130148522738], [-111.48658499860517, 33.74130148522738], [-111.48658499860517, 33.74139407652979], [-111.4868627770091, 33.74139407652979], [-111.4868627770091, 33.74148667053021], [-111.4871405545137, 33.74148667053021], [-111.4871405545137, 33.74157926183267], [-111.48723314671548, 33.74157926183267], [-111.48723314671548, 33.74167185493377], [-111.48732573981658, 33.74167185493377], [-111.48732573981658, 33.74176444803487], [-111.48741833201831, 33.74176444803487], [-111.48741833201831, 33.741857040236596], [-111.48751092511941, 33.741857040236596], [-111.48751092511941, 33.7419496333377], [-111.48760351822051, 33.7419496333377], [-111.48760351822051, 33.74204222464016], [-111.48769610952297, 33.74204222464016], [-111.48769610952297, 33.7421348177412], [-111.48778870262402, 33.7421348177412], [-111.48778870262402, 33.74204222464016], [-111.4878812948258, 33.74204222464016], [-111.4878812948258, 33.7419496333377], [-111.4879738879269, 33.7419496333377], [-111.4879738879269, 33.74167185493377], [-111.488066481028, 33.74167185493377], [-111.488066481028, 33.74148667053021], [-111.48815907322978, 33.74148667053021], [-111.48815907322978, 33.74139407652979], [-111.48825166633083, 33.74139407652979], [-111.48825166633083, 33.74120889212628], [-111.48834425763329, 33.74120889212628], [-111.48834425763329, 33.74111629902518], [-111.48843685073439, 33.74111629902518], [-111.48843685073439, 33.7410237068234], [-111.48852944383549, 33.7410237068234], [-111.48852944383549, 33.740931113722354], [-111.4888998144412, 33.740931113722354], [-111.4888998144412, 33.74083852152057], [-111.48899240664292, 33.74083852152057], [-111.48899240664292, 33.74074592841947], [-111.48954796255151, 33.74074592841947], [-111.48954796255151, 33.74065333621769], [-111.48982574005612, 33.74065333621769], [-111.48982574005612, 33.740560744015966], [-111.49010351756073, 33.740560743116646], [-111.49010351756073, 33.740468150914865], [-111.49038129596471, 33.740468150914865], [-111.49038129596471, 33.740560743116646], [-111.49047388816643, 33.740560743116646], [-111.49047388816643, 33.74065333621769], [-111.4907516656711, 33.74065333621769], [-111.4907516656711, 33.74074592841947], [-111.49102944407502, 33.74074592841947], [-111.49102944407502, 33.74083852152057], [-111.49121462847853, 33.74083852152057], [-111.49121462847853, 33.740931113722354], [-111.49130722247895, 33.740931113722354], [-111.49130722247895, 33.74102370592408], [-111.49139981468073, 33.74102370592408], [-111.49139981468073, 33.74111629902518], [-111.49177018528644, 33.74111629902518], [-111.49177018528644, 33.74120889212628], [-111.49214055499283, 33.74120889212628], [-111.49214055499283, 33.74130148432806], [-111.49251092559854, 33.74130148432806], [-111.49251092559854, 33.74139407652979], [-111.49269611090142, 33.74139407652979], [-111.49269611090142, 33.74148666873157], [-111.49278870400246, 33.74148666873157], [-111.49278870400246, 33.74139407652979], [-111.49315907370885, 33.74139407652979], [-111.49315907370885, 33.74148666873157], [-111.49334425901174, 33.74148666873157], [-111.49334425901174, 33.74157926183267], [-111.50602944641167, 33.74157926093335], [-111.50602944641167, 33.74148666873157], [-111.5061220404121, 33.74148666873157], [-111.5061220404121, 33.74139407563047], [-111.50621463171456, 33.74139407563047], [-111.50621463171456, 33.74130148342874], [-111.50630722481566, 33.74130148342874], [-111.50630722481566, 33.74139407563047], [-111.50667759452205, 33.74139407563047], [-111.50667759452205, 33.74157926093335], [-111.50732574353168, 33.74157926093335], [-111.50732574353168, 33.74139407563047], [-111.50741833663278, 33.74139407563047], [-111.50741833663278, 33.74130148342874], [-111.50778870633917, 33.74130148342874], [-111.50778870633917, 33.74111629812586], [-111.50871463285347, 33.74111629812586], [-111.50871463285347, 33.74120889122696], [-111.5088072250552, 33.74120889122696], [-111.5088072250552, 33.74130148342874], [-111.50889981725697, 33.74130148342874], [-111.50889981725697, 33.74139407563047], [-111.5089924112574, 33.74139407563047], [-111.5089924112574, 33.74148666873157], [-111.5090850025598, 33.74148666873157], [-111.5090850025598, 33.74157926093335], [-111.50917759656022, 33.74157926093335], [-111.5091775974596, 33.75120889128584], [-111.509270188762, 33.75120889128584], [-111.509270188762, 33.75130148528626], [-111.5094553749642, 33.75130148528626], [-111.5094553749642, 33.751394076588724], [-111.50954796626661, 33.751394076588724], [-111.50954796626661, 33.751486670589145], [-111.50964056026703, 33.751486670589145], [-111.50964056026703, 33.75157926279087], [-111.50973315156949, 33.75157926279087], [-111.50973315156949, 33.75167185499265], [-111.50982574556991, 33.75167185499265], [-111.50982574556991, 33.75176444809375], [-111.51010352307452, 33.75176444809375], [-111.51010352307452, 33.751857039396214], [-111.5102887083774, 33.751857039396214], [-111.5102887083774, 33.751949633396634], [-111.51038130057913, 33.751949633396634], [-111.51038130057913, 33.75250518840585], [-111.51047389368023, 33.75250518840585], [-111.51047389368023, 33.75287555901156], [-111.51038130057913, 33.75287555901156], [-111.51038130057913, 33.75343111492015], [-111.5102887083774, 33.75343111492015], [-111.5102887083774, 33.753708892424754], [-111.51019611617562, 33.753708892424754], [-111.51019611617562, 33.7538940786269], [-111.51010352307452, 33.7538940786269], [-111.51010352307452, 33.75407926303046], [-111.51001092997342, 33.75407926303046], [-111.51001092997342, 33.75444963273685], [-111.5099183377717, 33.75444963273685], [-111.5099183377717, 33.75528296704937], [-111.51001092997342, 33.75528296704937], [-111.51001093087274, 33.75611630046251], [-111.51010352307452, 33.75611630046251], [-111.51010352307452, 33.75620889266429], [-111.5099183377717, 33.75620889266429], [-111.5099183377717, 33.75630148486607], [-111.50973315246881, 33.75630148486607], [-111.50973315246881, 33.75639407796717], [-111.50964056026703, 33.75639407796717], [-111.50964056026703, 33.756486671068274], [-111.5095479680653, 33.756486671068274], [-111.5095479680653, 33.75657926327], [-111.5094553749642, 33.75657926327], [-111.5094553749642, 33.75667185547178], [-111.5093627818631, 33.75667185547178], [-111.5093627818631, 33.75722741227969], [-111.50927018966132, 33.75722741227969], [-111.50927018966132, 33.757320003582095], [-111.5091775974596, 33.757320003582095], [-111.5091775974596, 33.757412596683196], [-111.50908500525782, 33.757412596683196], [-111.50908500525782, 33.75750518888498], [-111.50899241215672, 33.75750518888498], [-111.50899241215672, 33.75759778198608], [-111.50889981905561, 33.75759778198608], [-111.50889981905561, 33.75769037508712], [-111.50880722685389, 33.75769037508712], [-111.50880722685389, 33.757782967288904], [-111.50871463375279, 33.757782967288904], [-111.50871463375279, 33.757875560390005], [-111.508622041551, 33.757875560390005], [-111.508622041551, 33.75796815169241], [-111.50852944934923, 33.75796815169241], [-111.50852944934923, 33.75806074479351], [-111.5083442640464, 33.75806074479351], [-111.5083442640464, 33.75815333789461], [-111.50843685624812, 33.75815333789461], [-111.50843685624812, 33.75843111539922], [-111.50852944934923, 33.75843111539922], [-111.50852944934923, 33.75870889290388], [-111.508622041551, 33.75870889290388], [-111.508622041551, 33.75991259692273], [-111.50871463375279, 33.75991259692273], [-111.50871463375279, 33.76000519002383], [-111.50880722685389, 33.76000519002383], [-111.50880722685389, 33.760097782225614], [-111.50889981995493, 33.760097782225614], [-111.50889981995493, 33.76028296752844], [-111.50899241215672, 33.76028296752844], [-111.50899241215672, 33.76046815283132], [-111.50908500525782, 33.76046815283132], [-111.50908500525782, 33.76111630094164], [-111.5091775974596, 33.76111630094164], [-111.5091775974596, 33.76130148624452], [-111.50927018966132, 33.76130148624452], [-111.50927018966132, 33.761486671547345], [-111.50936278276242, 33.761486671547345], [-111.50936278276242, 33.76167185685023], [-111.5094553749642, 33.76167185685023], [-111.5094553749642, 33.76176444905201], [-111.5095479680653, 33.76176444905201], [-111.5095479680653, 33.76185704215305], [-111.5096405611664, 33.76185704215305], [-111.5096405611664, 33.761949634354835], [-111.5099183377717, 33.761949634354835], [-111.5099183377717, 33.762042226556616], [-111.51001093087274, 33.762042226556616], [-111.51001093087274, 33.76213482055704], [-111.51010352397384, 33.76213482055704], [-111.51010352397384, 33.76222741185944], [-111.51019611617562, 33.76222741185944], [-111.51019611617562, 33.762412597162324], [-111.51028870927672, 33.762412597162324], [-111.51028870927672, 33.76250518936405], [-111.51038130057913, 33.76250518936405], [-111.51038130147845, 33.76278296866735], [-111.51047389457955, 33.76278296866735], [-111.51047389457955, 33.762875559969814], [-111.51056648678133, 33.762875559969814], [-111.51056648678133, 33.76296815307086], [-111.51065907898311, 33.76296815307086], [-111.51065907898311, 33.76352370897945], [-111.51075167208421, 33.76352370897945], [-111.51075167208421, 33.76407926398866], [-111.51084426518526, 33.76407926398866], [-111.51084426518526, 33.764357042392646], [-111.51093685738704, 33.764357042392646], [-111.51093685738704, 33.76528296800757], [-111.51102944958882, 33.76528296800757], [-111.51102944958882, 33.765653339512596], [-111.51112204358924, 33.765653339512596], [-111.51112204358924, 33.76583852481548], [-111.51121463489164, 33.76583852481548], [-111.51121463489164, 33.76593111611794], [-111.51130722799275, 33.76593111611794], [-111.51130722799275, 33.766023708319665], [-111.51139982019453, 33.766023708319665], [-111.51139982019453, 33.766116302320086], [-111.51149241239625, 33.766116302320086], [-111.51149241239625, 33.76620889362255], [-111.51158500639667, 33.76620889362255], [-111.51158500639667, 33.76630148762297], [-111.51167759769913, 33.76630148762297], [-111.51167759769913, 33.766486672026474], [-111.51177019169955, 33.766486672026474], [-111.51177019169955, 33.766579265127575], [-111.51167759769913, 33.766579265127575], [-111.51167759769913, 33.76685704173286], [-111.51177019169955, 33.76685704173286], [-111.51177019169955, 33.76694963573328], [-111.51167759769913, 33.76694963573328], [-111.51167759769913, 33.76713481923747], [-111.51177019169955, 33.76713481923747], [-111.51177019169955, 33.76732000454035], [-111.51167759769913, 33.76732000454035], [-111.51167759769913, 33.7675051907425], [-111.51177019169955, 33.7675051907425], [-111.51177019169955, 33.76769037604538], [-111.51167759769913, 33.76769037604538], [-111.51167759769913, 33.76796815354999], [-111.51177019169955, 33.76796815354999], [-111.51177019169955, 33.768431116357476], [-111.51186278390134, 33.768431116357476], [-111.51186278390134, 33.7686163016603], [-111.51177019169955, 33.7686163016603], [-111.51177019169955, 33.76907926446779], [-111.51195537610306, 33.76907926446779], [-111.51195537610306, 33.769357042871775], [-111.51204796920416, 33.769357042871775], [-111.51204796920416, 33.7695422281746], [-111.51214056140594, 33.7695422281746], [-111.51214056140594, 33.7696348212757], [-111.51223315450704, 33.7696348212757], [-111.51223315450704, 33.77046815378958], [-111.51232574670877, 33.77046815378958], [-111.51232574670877, 33.770745932193506], [-111.51241833980987, 33.770745932193506], [-111.51241833980987, 33.77083852349591], [-111.51251093201165, 33.77083852349591], [-111.51251093201165, 33.77093111749633], [-111.51260352511275, 33.77093111749633], [-111.51260352511275, 33.771116301899895], [-111.51269611731448, 33.771116301899895], [-111.51269611731448, 33.77139408030382], [-111.51278870951626, 33.77139408030382], [-111.51278870951626, 33.7714866725056], [-111.51288130351668, 33.7714866725056], [-111.51288130351668, 33.771579264707384], [-111.51297389481914, 33.771579264707384], [-111.51297389481914, 33.77167185780843], [-111.51306648792024, 33.77167185780843], [-111.51306648792024, 33.77176445001021], [-111.51315908102129, 33.77176445001021], [-111.51315908102129, 33.77185704311131], [-111.51325167232375, 33.77185704311131], [-111.51325167232375, 33.77194963621241], [-111.51343685762657, 33.77194963621241], [-111.51343685762657, 33.772042228414136], [-111.513529451627, 33.772042228414136], [-111.513529451627, 33.77213482061592], [-111.51362204382878, 33.77213482061592], [-111.51362204382878, 33.77269037562519], [-111.51399241443448, 33.77269037562519], [-111.51399241443448, 33.77278296872623], [-111.51408500663626, 33.77278296872623], [-111.51408500663626, 33.772968154029115], [-111.51399241443448, 33.772968154029115], [-111.51399241443448, 33.773060747130216], [-111.51389982133338, 33.773060747130216], [-111.51389982133338, 33.77324593243304], [-111.51380722913166, 33.77324593243304], [-111.51380722913166, 33.77333852463482], [-111.51371463603056, 33.77333852463482], [-111.51371463603056, 33.773431116836605], [-111.51362204382878, 33.773431116836605], [-111.51362204382878, 33.773523709937706], [-111.513529451627, 33.773523709937706], [-111.513529451627, 33.77361630213943], [-111.51343685762657, 33.77361630213943], [-111.51343685852595, 33.77370889524053], [-111.51371463603056, 33.77370889524053], [-111.51371463603056, 33.77380148834163], [-111.51389982133338, 33.77380148834163], [-111.51389982133338, 33.773894080543414], [-111.51399241443448, 33.773894080543414], [-111.51399241443448, 33.77398667274514], [-111.51408500663626, 33.77398667274514], [-111.51408500663626, 33.77417185804802], [-111.51417759973737, 33.77417185804802], [-111.51417759973737, 33.77426445114912], [-111.51427019193909, 33.77426445114912], [-111.51427019193909, 33.77435704335085], [-111.51436278504019, 33.77435704335085], [-111.51436278504019, 33.77426445114912], [-111.5146405625448, 33.77426445114912], [-111.5146405625448, 33.77435704335085], [-111.51473315474658, 33.77435704335085], [-111.51473315474658, 33.77444963555263], [-111.514825748747, 33.77444963555263], [-111.514825748747, 33.77454222775441], [-111.51491834004946, 33.77454222775441], [-111.51491834004946, 33.77463482085551], [-111.51510352625161, 33.77463482085551], [-111.51510352625161, 33.774820006158336], [-111.51519611755407, 33.774820006158336], [-111.51519611755407, 33.77500519146122], [-111.51528871155449, 33.77500519146122], [-111.51528871155449, 33.77509778366294], [-111.5153813028569, 33.77509778366294], [-111.5153813028569, 33.775190376764044], [-111.51547389685732, 33.775190376764044], [-111.51547389685732, 33.775282968965826], [-111.51575167436198, 33.775282968965826], [-111.51575167436198, 33.77537556206693], [-111.5158442665637, 33.77537556206693], [-111.5158442665637, 33.77546815426865], [-111.51602945186659, 33.77546815426865], [-111.51602945186659, 33.77556074647043], [-111.51612204316899, 33.77556074647043], [-111.51612204316899, 33.77565334047085], [-111.51621463716941, 33.77565334047085], [-111.51621463716941, 33.775745931773315], [-111.51658500777512, 33.775745931773315], [-111.51658500777512, 33.77565334047085], [-111.51704797058261, 33.77565334047085], [-111.51704797148193, 33.775745931773315], [-111.51714056278439, 33.775745931773315], [-111.51714056278439, 33.77583852487436], [-111.51723315678481, 33.77583852487436], [-111.51723315678481, 33.77593111707614], [-111.51732574808722, 33.77593111707614], [-111.51732574808722, 33.77602371017724], [-111.51797389709691, 33.77602371017724], [-111.51797389709691, 33.77611630327834], [-111.51834426770262, 33.77611630327834], [-111.51834426770262, 33.77620889458075], [-111.5184368599044, 33.77620889458075], [-111.5184368599044, 33.77630148858117], [-111.51852945210612, 33.77630148858117], [-111.51852945210612, 33.77639407988363], [-111.518714637409, 33.77639407988363], [-111.518714637409, 33.77648667298473], [-111.5188072305101, 33.77648667298473], [-111.5188072305101, 33.77676445138866], [-111.51889982271183, 33.77676445138866], [-111.51889982271183, 33.77694963669154], [-111.51899241491361, 33.77694963669154], [-111.51899241491361, 33.777134821095046], [-111.51917760111581, 33.777134821095046], [-111.51917760111581, 33.77722741419615], [-111.51927019331754, 33.77722741419615], [-111.51927019331754, 33.77732000549855], [-111.51936278551932, 33.77732000549855], [-111.51936278551932, 33.77741259949897], [-111.5195479708222, 33.77741259949897], [-111.5195479708222, 33.777505191700754], [-111.51964056392325, 33.777505191700754], [-111.51964056392325, 33.777597783902536], [-111.51973315612503, 33.777597783902536], [-111.51973315612503, 33.77769037700364], [-111.51982574832681, 33.77769037700364], [-111.51982574832681, 33.77824593201285], [-111.51991834232723, 33.77824593201285], [-111.51991834232723, 33.77833852511395], [-111.52001093362964, 33.77833852511395], [-111.52001093362964, 33.77843111731568], [-111.52010352763006, 33.77843111731568], [-111.52010352763006, 33.77852371041678], [-111.52019611893252, 33.77852371041678], [-111.52019611983184, 33.77861630261856], [-111.52028871203362, 33.77861630261856], [-111.52028871203362, 33.77880148792144], [-111.52038130513472, 33.77880148792144], [-111.52038130513472, 33.778894081022486], [-111.52047389643712, 33.778894081022486], [-111.52047389643712, 33.77907926542605], [-111.52056649043755, 33.77907926542605], [-111.52056649043755, 33.77917185852715], [-111.52075167484105, 33.77917185852715], [-111.52075167484105, 33.779264450728874], [-111.52084426794215, 33.779264450728874], [-111.52084426794215, 33.779357044729295], [-111.52093686014393, 33.779357044729295], [-111.52093686014393, 33.77944963603176], [-111.52102945324503, 33.77944963603176], [-111.52102945324503, 33.77954222823348], [-111.52112204544676, 33.77954222823348], [-111.52112204544676, 33.779727413536364], [-111.52121463854786, 33.779727413536364], [-111.52121463854786, 33.779820007536784], [-111.52130723074964, 33.779820007536784], [-111.52130723074964, 33.779912598839246], [-111.52139982385074, 33.779912598839246], [-111.52139982385074, 33.78009778414207], [-111.52149241605252, 33.78009778414207], [-111.52149241605252, 33.780282970344274], [-111.52158500915357, 33.780282970344274], [-111.52158500915357, 33.7804681556471], [-111.52149241605252, 33.7804681556471], [-111.52149241605252, 33.78083852445417], [-111.52139982385074, 33.78083852445417], [-111.52139982385074, 33.78102371065637], [-111.52130723074964, 33.78102371065637], [-111.52130723074964, 33.78130148726166], [-111.52121463854786, 33.78130148726166], [-111.52121463854786, 33.7814866734638], [-111.52112204544676, 33.7814866734638], [-111.52112204544676, 33.781671858766686], [-111.52102945324503, 33.781671858766686], [-111.52102945324503, 33.78176445096847], [-111.52093686104325, 33.78176445096847], [-111.52093686104325, 33.78185704406957], [-111.52075167484105, 33.78185704406957], [-111.52075167484105, 33.78194963627129], [-111.52065908263933, 33.78194963627129], [-111.52065908263933, 33.782042229372394], [-111.52056649043755, 33.782042229372394], [-111.52056649043755, 33.782134821574175], [-111.52047389733644, 33.782134821574175], [-111.52047389733644, 33.782227414675276], [-111.52038130513472, 33.782227414675276], [-111.52038130513472, 33.782320006877], [-111.52028871203362, 33.782320006877], [-111.52028871203362, 33.7824125999781], [-111.52019611983184, 33.7824125999781], [-111.52019611983184, 33.78250519217988], [-111.52010352763006, 33.78250519217988], [-111.52010352763006, 33.78269037838203], [-111.52019611983184, 33.78269037838203], [-111.52019611983184, 33.7833385264924], [-111.52028871203362, 33.7833385264924], [-111.52028871203362, 33.783523710895906], [-111.52038130513472, 33.783523710895906], [-111.52038130513472, 33.78361630399701], [-111.52047389733644, 33.78361630399701], [-111.52047389733644, 33.78380148929983], [-111.52056649043755, 33.78380148929983], [-111.52056649043755, 33.783986674602716], [-111.52065908263933, 33.783986674602716], [-111.52065908263933, 33.7840792668045], [-111.52075167663975, 33.7840792668045], [-111.52075167663975, 33.78417185900622], [-111.52084426794215, 33.78417185900622], [-111.52084426794215, 33.78426445210732], [-111.52093686104325, 33.78426445210732], [-111.52093686104325, 33.784357044309104], [-111.52177019355713, 33.784357044309104], [-111.52177019355713, 33.784449637410205], [-111.52186278755755, 33.784449637410205], [-111.52186278755755, 33.78463482181371], [-111.52195537975928, 33.78463482181371], [-111.52195537975928, 33.78472741491481], [-111.52204797196106, 33.78472741491481], [-111.52204797196106, 33.78482000711659], [-111.52214056506216, 33.78482000711659], [-111.52214056506216, 33.78491260021764], [-111.52223315726394, 33.78491260021764], [-111.52223315726394, 33.78509778552052], [-111.52232575036498, 33.78509778552052], [-111.52232575036498, 33.7851903777223], [-111.52260352786965, 33.7851903777223], [-111.52260352786965, 33.785282969924026], [-111.52269612097075, 33.785282969924026], [-111.52269612097075, 33.78537556302513], [-111.52278871317247, 33.78537556302513], [-111.52278871317247, 33.78546815612623], [-111.52297389847536, 33.78546815612623], [-111.52297389847536, 33.78556074832801], [-111.52325167597996, 33.78556074832801], [-111.52325167597996, 33.785653340529734], [-111.52343686128279, 33.785653340529734], [-111.52343686128279, 33.785745932731515], [-111.52352945348457, 33.785745932731515], [-111.52352945348457, 33.78583852583262], [-111.52362204748499, 33.78583852583262], [-111.52362204748499, 33.78593111893372], [-111.52371463878745, 33.78593111893372], [-111.52371463878745, 33.78602371113544], [-111.52380723188855, 33.78602371113544], [-111.52380723188855, 33.78611630423654], [-111.5238998249896, 33.78611630423654], [-111.5238998249896, 33.786208896438325], [-111.52408501029248, 33.786208896438325], [-111.52408501029248, 33.786301488640106], [-111.52454797309997, 33.786301488640106], [-111.52454797309997, 33.78639408084183], [-111.52491834280636, 33.78639408084183], [-111.52491834280636, 33.786301488640106], [-111.52528871431139, 33.786301488640106], [-111.52528871431139, 33.78639408084183], [-111.52538130561379, 33.78639408084183], [-111.52538130561379, 33.78648667394293], [-111.5259368624217, 33.78648667394293], [-111.5259368624217, 33.78639408084183], [-111.52602945462348, 33.78639408084183], [-111.52602945462348, 33.786301488640106], [-111.52612204682521, 33.786301488640106], [-111.52612204682521, 33.786208896438325], [-111.5265850096327, 33.786208896438325], [-111.5265850096327, 33.78611630423654], [-111.52677019493558, 33.78611630423654], [-111.52677019493558, 33.78602371113544], [-111.52686278803668, 33.78602371113544], [-111.52686278803668, 33.7859311180344], [-111.52695538113772, 33.7859311180344], [-111.52695538113772, 33.78583852583262], [-111.52834427045951, 33.78583852583262], [-111.52834427045951, 33.785745932731515], [-111.52843686176192, 33.785745932731515], [-111.52843686176192, 33.785653339630414], [-111.5287146401659, 33.785653339630414], [-111.5287146401659, 33.78556074832801], [-111.52889982546873, 33.78556074832801], [-111.52889982456941, 33.78546815522691], [-111.52927019607444, 33.78546815522691], [-111.52927019607444, 33.78537556302513], [-111.52936278917554, 33.78537556302513], [-111.52936278917554, 33.785282969924026], [-111.52945538137732, 33.785282969924026], [-111.52945538137732, 33.78519037682298], [-111.52954797357904, 33.78519037682298], [-111.52954797357904, 33.78509778552052], [-111.52964056668014, 33.78509778552052], [-111.52964056668014, 33.7850051915201], [-111.52973315888192, 33.7850051915201], [-111.52973315888192, 33.78491260021764], [-111.52982575198303, 33.78491260021764], [-111.52982575198303, 33.78482000711659], [-111.52991834418475, 33.78482000711659], [-111.52991834418475, 33.78472741401549], [-111.53001093638653, 33.78472741401549], [-111.53001093638653, 33.78463482181371], [-111.53010352948763, 33.78463482181371], [-111.53010352948763, 33.78454222871261], [-111.53019612168941, 33.78454222871261], [-111.53019612168941, 33.784449636510885], [-111.53028871479052, 33.784449636510885], [-111.53028871479052, 33.784357044309104], [-111.53038130699224, 33.784357044309104], [-111.53038130699224, 33.784264451208], [-111.53056649229512, 33.784264451208], [-111.53056649229512, 33.78417185900622], [-111.53065908449685, 33.78417185900622], [-111.53065908449685, 33.78407926590518], [-111.53075167849727, 33.78407926590518], [-111.53075167849727, 33.783986672804076], [-111.53084426979973, 33.783986672804076], [-111.53084426979973, 33.783894080602295], [-111.53112204730434, 33.783894080602295], [-111.53112204730434, 33.78380148840051], [-111.53121464130476, 33.78380148840051], [-111.53121464130476, 33.78370889619879], [-111.53130723260722, 33.78370889619879], [-111.53130723260722, 33.78361630309769], [-111.53139982660764, 33.78361630309769], [-111.53139982660764, 33.78352370999659], [-111.53149241791004, 33.78352370999659], [-111.53149241791004, 33.783431117794805], [-111.53158501101115, 33.783431117794805], [-111.53158501101115, 33.78324593249198], [-111.53167760411225, 33.78324593249198], [-111.53167760411225, 33.78269037748271], [-111.53177019541465, 33.78269037748271], [-111.53177019541465, 33.78250519217988], [-111.53186278941507, 33.78250519217988], [-111.53186278941507, 33.781671857867366], [-111.53204797471795, 33.781671857867366], [-111.53204797471795, 33.78176445096847], [-111.53278871503005, 33.78176445096847], [-111.53278871503005, 33.78185704317019], [-111.53362204844325, 33.78185704317019], [-111.53362204844325, 33.78194963537197], [-111.53371464064497, 33.78194963537197], [-111.53371464064497, 33.78185704317019], [-111.5338072346454, 33.78185704317019], [-111.5338072346454, 33.78194963537197], [-111.53427019745288, 33.78194963537197], [-111.53427019745288, 33.78185704317019], [-111.53454797495749, 33.78185704317019], [-111.53454797495749, 33.78194963537197], [-111.53464056625995, 33.78194963537197], [-111.53464056625995, 33.782042228473074], [-111.5349183455632, 33.782042228473074], [-111.5349183455632, 33.782227414675276], [-111.53501093776498, 33.782227414675276], [-111.53501093776498, 33.78333852559308], [-111.53510352996676, 33.78333852559308], [-111.53510352996676, 33.783431117794805], [-111.53519612306786, 33.783431117794805], [-111.53519612306786, 33.78352370999659], [-111.53538130837069, 33.78352370999659], [-111.53538130837069, 33.783431117794805], [-111.53556649367357, 33.783431117794805], [-111.53556649367357, 33.78333852559308], [-111.5357516789764, 33.78333852559308], [-111.5357516789764, 33.78324593159266], [-111.536029456481, 33.78324593159266], [-111.536029456481, 33.7831533402902], [-111.53704797429776, 33.7831533402902], [-111.53704797429776, 33.7830607471891], [-111.53714056829818, 33.7830607471891], [-111.53714056829818, 33.7831533402902], [-111.53723315960059, 33.7831533402902], [-111.53723315960059, 33.78333852559308], [-111.53732575360101, 33.78333852559308], [-111.53732575360101, 33.783431116895486], [-111.53815908611489, 33.783431116895486], [-111.53815908611489, 33.78352370999659], [-111.53825167921599, 33.78352370999659], [-111.53825167921599, 33.78361630309769], [-111.53843686451881, 33.78361630309769], [-111.53843686451881, 33.78370889529941], [-111.53871464202342, 33.78370889529941], [-111.53871464202342, 33.783894079702975], [-111.53880723512452, 33.783894079702975], [-111.53880723512452, 33.783986672804076], [-111.5388998273263, 33.783986672804076], [-111.5388998273263, 33.78407926590518], [-111.53899241952809, 33.78407926590518], [-111.53899241952809, 33.7841718581069], [-111.53917760483091, 33.7841718581069], [-111.53917760483091, 33.784264451208], [-111.5393627901338, 33.784264451208], [-111.5393627901338, 33.7841718581069], [-111.5397331607395, 33.7841718581069], [-111.5397331607395, 33.784264451208], [-111.5398257538406, 33.784264451208], [-111.5398257538406, 33.784449636510885], [-111.53991834604233, 33.784449636510885], [-111.53991834604233, 33.78454222871261], [-111.54001093914343, 33.78454222871261], [-111.54001093914343, 33.78463482091439], [-111.54010353134521, 33.78463482091439], [-111.54010353134521, 33.78482000621722], [-111.54019612444631, 33.78482000621722], [-111.54019612444631, 33.78519037682298], [-111.54028871664804, 33.78519037682298], [-111.54028871664804, 33.78537556212581], [-111.54038130884982, 33.78537556212581], [-111.54038130884982, 33.78546815522691], [-111.54047390195092, 33.78546815522691], [-111.54047390195092, 33.78556074652931], [-111.54075167945552, 33.78556074652931], [-111.54075167945552, 33.78537556212581], [-111.5408442716573, 33.78537556212581], [-111.5408442716573, 33.785282969024706], [-111.54093686475841, 33.785282969024706], [-111.54093686475841, 33.78519037682298], [-111.54130723536412, 33.78519037682298], [-111.54130723536412, 33.78509778372188], [-111.54158501286872, 33.78509778372188], [-111.54158501286872, 33.7850051915201], [-111.54186279127265, 33.78500519062078], [-111.54186279127265, 33.78509778372188], [-111.54325167969506, 33.78509778372188], [-111.54325167969506, 33.78519037682298], [-111.54417760620936, 33.78519037682298], [-111.54417760620936, 33.78509778372188], [-111.54519612492538, 33.78509778372188], [-111.54519612492538, 33.78519037682298], [-111.54547390243005, 33.78519037682298], [-111.54547390243005, 33.785282969024706], [-111.54556649643047, 33.785282969024706], [-111.54556649643047, 33.78537556212581], [-111.5459368661368, 33.78537556212581], [-111.5459368661368, 33.78546815432759], [-111.54621464454078, 33.78546815432759], [-111.54621464454078, 33.78556074652931], [-111.5470479770546, 33.78556074652931], [-111.5470479770546, 33.785653338731095], [-111.5471405701557, 33.785653338731095], [-111.5471405701557, 33.785745931832196], [-111.5475109398621, 33.785745931832196], [-111.5475109398621, 33.7858385249333], [-111.5476961260643, 33.7858385249333], [-111.5476961260643, 33.78593111713502], [-111.54815908887178, 33.78593111713502], [-111.54815908887178, 33.78602371023612], [-111.54825168107351, 33.78602371023612], [-111.54825168107351, 33.786116302437904], [-111.54834427327529, 33.786116302437904], [-111.54834427327529, 33.786208894639685], [-111.54843686727571, 33.786208894639685], [-111.54843686727571, 33.78639407994251], [-111.54852945857817, 33.78639407994251], [-111.54852945857817, 33.787042228052826], [-111.5488072369821, 33.787042228052826], [-111.5488072369821, 33.78713482115393], [-111.5488998300832, 33.78713482115393], [-111.5488998300832, 33.78741259955791], [-111.5489924213856, 33.78741259955791], [-111.5489924213856, 33.78732000555749], [-111.5496405703953, 33.78732000555749], [-111.5496405703953, 33.78722741425503], [-111.5501035341021, 33.78722741425503], [-111.5501035341021, 33.78741259955791], [-111.55019612630383, 33.78741259955791], [-111.55019612630383, 33.787505190860315], [-111.55028871850561, 33.787505190860315], [-111.55028871850561, 33.78759778396142], [-111.5504739038085, 33.78759778396142], [-111.5504739038085, 33.787505190860315], [-111.55065908911132, 33.787505190860315], [-111.55065908911132, 33.78741259955791], [-111.5507516813131, 33.78741259955791], [-111.5507516813131, 33.78732000555749], [-111.55084427531352, 33.78732000555749], [-111.55084427531352, 33.78722741425503], [-111.55093686661593, 33.78722741425503], [-111.55093686661593, 33.78732000555749], [-111.55139982942342, 33.78732000555749], [-111.55139982942342, 33.78722741425503], [-111.55149242342384, 33.78722741425503], [-111.55149242342384, 33.78713482115393], [-111.5515850147263, 33.78713482115393], [-111.5515850147263, 33.787042228052826], [-111.55167760872672, 33.787042228052826], [-111.55167760872672, 33.78713482115393], [-111.55177020092844, 33.78713482115393], [-111.55177020092844, 33.78722741335571], [-111.55232575593772, 33.78722741335571], [-111.55232575593772, 33.78732000555749], [-111.55241834903876, 33.78732000555749], [-111.55241834903876, 33.78741259955791], [-111.55251094124054, 33.78741259955791], [-111.55251094124054, 33.787505190860315], [-111.55260353434164, 33.787505190860315], [-111.55260353434164, 33.78759778396142], [-111.55278871964452, 33.78759778396142], [-111.55278871964452, 33.7876903761632], [-111.55315908935086, 33.7876903761632], [-111.55315908935086, 33.78778296836492], [-111.55362205305767, 33.78778296836492], [-111.55362205305767, 33.78787556236534], [-111.55380723746123, 33.78787556236534], [-111.55380723746123, 33.787968153667805], [-111.55389983146165, 33.787968153667805], [-111.55389983146165, 33.78815333897069], [-111.55399242276405, 33.78815333897069], [-111.55399242276405, 33.78926445078781], [-111.55408501586516, 33.78926445078781], [-111.55408501586516, 33.789357042989536], [-111.55436279426908, 33.789357042989536], [-111.55436279426908, 33.78944963609064], [-111.55454797957196, 33.78944963609064], [-111.55454797957196, 33.7895422273931], [-111.55464057177375, 33.7895422273931], [-111.55464057177375, 33.78963482139352], [-111.55473316397547, 33.78963482139352], [-111.55473316397547, 33.789727413595244], [-111.55482575707657, 33.789727413595244], [-111.55482575707657, 33.790190376402734], [-111.55491834927835, 33.790190376402734], [-111.55491834927835, 33.790282969503835], [-111.55501094237945, 33.790282969503835], [-111.55501094237945, 33.79046815570604], [-111.55510353458118, 33.79046815570604], [-111.55510353458118, 33.79065333921022], [-111.5551961285816, 33.79065333921022], [-111.5551961285816, 33.790745932311324], [-111.55528871988406, 33.790745932311324], [-111.55528871988406, 33.79083852451305], [-111.55538131298516, 33.79083852451305], [-111.55538131298516, 33.79093111851347], [-111.55547390518689, 33.79093111851347], [-111.55547390518689, 33.79102370981593], [-111.55556649738867, 33.79102370981593], [-111.55556649738867, 33.79111630381635], [-111.55584427669197, 33.79111630381635], [-111.55584427669197, 33.79102370981593], [-111.55602946109548, 33.79102370981593], [-111.55602946109548, 33.79093111761415], [-111.55649242390297, 33.79093111761415], [-111.55649242390297, 33.79083852451305], [-111.55686279450867, 33.79083852451305], [-111.55686279450867, 33.79093111761415], [-111.55751094261899, 33.79093111761415], [-111.55751094261899, 33.79102370981593], [-111.55797390542648, 33.79102370981593], [-111.55797390542648, 33.79111630381635], [-111.55806649762826, 33.79111630381635], [-111.55806649762826, 33.79120889511876], [-111.5581590907293, 33.79120889511876], [-111.5581590907293, 33.79111630381635], [-111.55834427603219, 33.79111630381635], [-111.55834427603219, 33.79102370981593], [-111.55843686913329, 33.79102370981593], [-111.55843686913329, 33.79093111761415], [-111.55852946223439, 33.79093111761415], [-111.55852946223439, 33.79083852451305], [-111.5586220535368, 33.79083852451305], [-111.5586220535368, 33.790745932311324], [-111.55936279474821, 33.790745932311324], [-111.55936279474821, 33.79083852451305], [-111.55973316535392, 33.79083852451305], [-111.55973316535392, 33.79093111761415], [-111.55982575845502, 33.79093111761415], [-111.55982575845502, 33.79102370981593], [-111.56001094285853, 33.79102370981593], [-111.56001094285853, 33.79111630381635], [-111.56010353595963, 33.79111630201771], [-111.56010353595963, 33.79120889511876], [-111.56019612906073, 33.79120889511876], [-111.56019612906073, 33.79130148732054], [-111.56028872126251, 33.79130148732054], [-111.56028872126251, 33.79139408042164], [-111.56047390566602, 33.79139408042164], [-111.56047390566602, 33.79130148732054], [-111.56075168407, 33.79130148732054], [-111.56075168407, 33.79120889511876], [-111.5609368684735, 33.79120889511876], [-111.5609368684735, 33.79111630201771], [-111.56130723997853, 33.79111630201771], [-111.56130723997853, 33.79120889511876], [-111.56195538808885, 33.79120889511876], [-111.56195538808885, 33.79130148732054], [-111.56214057339173, 33.79130148732054], [-111.56214057339173, 33.79139408042164], [-111.56223316559351, 33.79139408042164], [-111.56223316559351, 33.79148667262342], [-111.56232575869461, 33.79148667262342], [-111.56232575869461, 33.79157926572452], [-111.56241835089634, 33.79157926572452], [-111.56241835089634, 33.79167185792625], [-111.56251094399744, 33.79167185792625], [-111.56251094399744, 33.79176445012803], [-111.56260353619922, 33.79176445012803], [-111.56260353709854, 33.79185704322913], [-111.56269612930032, 33.79185704322913], [-111.56269612930032, 33.79194963543085], [-111.56278872240136, 33.79194963543085], [-111.56278872240136, 33.792042228531955], [-111.56288131370383, 33.792042228531955], [-111.56288131370383, 33.792134820733736], [-111.56371464801634, 33.792134820733736], [-111.56371464801634, 33.79241259823834], [-111.56380724021813, 33.79241259823834], [-111.56380724111744, 33.792505191339444], [-111.56389983331917, 33.792505191339444], [-111.56389983331917, 33.792597783541225], [-111.56399242552095, 33.792597783541225], [-111.56399242552095, 33.792690377541646], [-111.56408501862205, 33.792690377541646], [-111.56408501862205, 33.79278296884405], [-111.56417761082383, 33.79278296884405], [-111.56417761082383, 33.79287556194515], [-111.56427020392488, 33.79287556194515], [-111.56427020392488, 33.792968154146934], [-111.56436279612666, 33.792968154146934], [-111.56436279612666, 33.79306074634866], [-111.56445538922776, 33.79306074634866], [-111.56445538922776, 33.79315334034908], [-111.56454798142954, 33.79315334034908], [-111.56454798142954, 33.79324593165154], [-111.56464057363127, 33.79324593165154], [-111.56464057363127, 33.79333852565196], [-111.56473316763169, 33.79333852565196], [-111.56473316763169, 33.79426445126688], [-111.56464057363127, 33.79426445126688], [-111.56464057363127, 33.79463482097327], [-111.56454798232886, 33.79463482097327], [-111.56454798232886, 33.794912599377255], [-111.56445538922776, 33.794912599377255], [-111.56445538922776, 33.79509778378076], [-111.56436279612666, 33.79509778378076], [-111.56436279612666, 33.79528296998296], [-111.56427020392488, 33.79528296998296], [-111.56427020392488, 33.79546815438647], [-111.56417761082383, 33.79546815438647], [-111.56417761082383, 33.79565333968935], [-111.56408501952137, 33.79565333968935], [-111.56408501952137, 33.79574593279045], [-111.56399242552095, 33.79574593279045], [-111.56399242552095, 33.79583852499218], [-111.56389983331917, 33.79583852499218], [-111.56389983331917, 33.79593111809328], [-111.56380724111744, 33.79593111809328], [-111.56380724111744, 33.796116302496785], [-111.56389983331917, 33.796116302496785], [-111.56389983331917, 33.79630148779967], [-111.56399242552095, 33.79630148779967], [-111.56399242552095, 33.79676445060716], [-111.56389983331917, 33.79676445060716], [-111.56389983331917, 33.79685704370826], [-111.56380724111744, 33.79685704370826], [-111.56380724111744, 33.79694963590998], [-111.56371464801634, 33.79694963590998], [-111.56371464801634, 33.79704222901108], [-111.56362205581456, 33.79704222901108], [-111.56362205581456, 33.797134822112184], [-111.56352946271346, 33.797134822112184], [-111.56352946271346, 33.797227414313966], [-111.56343687051174, 33.797227414313966], [-111.56343687051174, 33.79741259961679], [-111.56334427830996, 33.79741259961679], [-111.56334427830996, 33.7976903771214], [-111.56325168520885, 33.7976903771214], [-111.56325168520885, 33.79880148893852], [-111.56315909300707, 33.79880148893852], [-111.56315909300707, 33.79935704394779], [-111.56306649990603, 33.79935704394779], [-111.56306649990603, 33.79982000675528], [-111.56297390770425, 33.79982000675528], [-111.56297390770425, 33.80000519205811], [-111.56288131460315, 33.80000519205811], [-111.56288131460315, 33.80028297046209], [-111.56297390770425, 33.80028297046209], [-111.56297390770425, 33.8005607479667], [-111.56306649990603, 33.8005607479667], [-111.56306649990603, 33.8006533410678], [-111.56315909300707, 33.8006533410678], [-111.56315909300707, 33.800838525471306], [-111.56325168520885, 33.800838525471306], [-111.56325168520885, 33.80093111947173], [-111.56334427830996, 33.80093111947173], [-111.56334427830996, 33.80111630387523], [-111.56325168520885, 33.80111630387523], [-111.56325168610817, 33.801671858884504], [-111.56315909300707, 33.801671858884504], [-111.56315909300707, 33.80213482169199], [-111.56334427830996, 33.80213482169199], [-111.56334427830996, 33.80370889631655], [-111.56325168610817, 33.80370889631655], [-111.56325168610817, 33.80435704442692], [-111.56306650080535, 33.80435704442692], [-111.56306650080535, 33.80444963842734], [-111.56297390770425, 33.80444963842734], [-111.56297390770425, 33.80454222972975], [-111.56288131460315, 33.80454222972975], [-111.56288131460315, 33.80463482373017], [-111.56278872330074, 33.80463482373017], [-111.56278872330074, 33.80472741503263], [-111.56269613019964, 33.80472741503263], [-111.56269613019964, 33.804820007234355], [-111.56260353709854, 33.804820007234355], [-111.56260353799786, 33.80519037784006], [-111.56269613019964, 33.80519037784006], [-111.56269613019964, 33.80546815534473], [-111.56278872330074, 33.80546815534473], [-111.56278872330074, 33.80556074934515], [-111.56288131460315, 33.80556074934515], [-111.56288131460315, 33.80565334064755], [-111.56297390770425, 33.80565334064755], [-111.56297390770425, 33.805838526849755], [-111.56288131460315, 33.805838526849755], [-111.56288131460315, 33.80593111815216], [-111.56269613019964, 33.80593111815216], [-111.56269613019964, 33.80602371215258], [-111.56251094489676, 33.80602371215258], [-111.56251094489676, 33.80593111815216], [-111.56214057519037, 33.80593111815216], [-111.56214057519037, 33.80602371215258], [-111.56204798208927, 33.80602371215258], [-111.56204798208927, 33.80611630435436], [-111.56195538898822, 33.80611630435436], [-111.56195538898822, 33.80620889745546], [-111.56186279678644, 33.80620889745546], [-111.56186279678644, 33.806301489657244], [-111.56177020368534, 33.806301489657244], [-111.56177020368534, 33.806394082758345], [-111.56167761148356, 33.806394082758345], [-111.56167761148356, 33.80648667496007], [-111.56158501928184, 33.80648667496007], [-111.56158501928184, 33.80657926716185], [-111.56149242618073, 33.80657926716185], [-111.56149242618073, 33.80667186026295], [-111.56121464777681, 33.80667186026295], [-111.56121464777681, 33.80676445246468], [-111.56112205647435, 33.80676445246468], [-111.56112205647435, 33.80685704556578], [-111.56102946337325, 33.80685704556578], [-111.56102946337325, 33.80704223176798], [-111.56093687117146, 33.80704223176798], [-111.56093687117146, 33.807134823070385], [-111.56084427807042, 33.807134823070385], [-111.56084427807042, 33.807227415272166], [-111.56075168496932, 33.807227415272166], [-111.56075168496932, 33.80732000837327], [-111.56065909276754, 33.80732000837327], [-111.56065909276754, 33.80741260057505], [-111.56056649966644, 33.80741260057505], [-111.56056649966644, 33.80750519457547], [-111.56047390836403, 33.80750519457547], [-111.56047390836403, 33.807597785877874], [-111.56038131526293, 33.807597785877874], [-111.56038131526293, 33.807690378978975], [-111.56028872216183, 33.807690378978975], [-111.56028872216183, 33.80787556338248], [-111.56019612996005, 33.80787556338248], [-111.56019612996005, 33.80852371149285], [-111.56010353685895, 33.80852371149285], [-111.56010353685895, 33.80880148989678], [-111.56001094555654, 33.80880148989678], [-111.56001094555654, 33.80898667519966], [-111.55991835155612, 33.80898667519966], [-111.55991835155612, 33.80926445360359], [-111.55982575935434, 33.80926445360359], [-111.55982576025366, 33.809449638007095], [-111.55973316715261, 33.809449638007095], [-111.55973316715261, 33.809542231108196], [-111.55964057405151, 33.809542231108196], [-111.55964057405151, 33.80972741641108], [-111.55954798184973, 33.80972741641108], [-111.55954798184973, 33.81028297142029], [-111.55964057405151, 33.81028297142029], [-111.55964057405151, 33.8108385282282], [-111.55954798184973, 33.8108385282282], [-111.55954798184973, 33.81093111953061], [-111.55945538874863, 33.81093111953061], [-111.55945538874863, 33.81102371353103], [-111.55936279744623, 33.81102371353103], [-111.55936279744623, 33.81111630483349], [-111.5592702034458, 33.81111630483349], [-111.5592702034458, 33.81120889793459], [-111.55917761124402, 33.81120889793459], [-111.55917761124402, 33.81139408323742], [-111.55908501904224, 33.81139408323742], [-111.55908501904224, 33.81148667633852], [-111.55899242594114, 33.81148667633852], [-111.55899242594114, 33.81157926764098], [-111.55889983463874, 33.81157926764098], [-111.55889983463874, 33.81194963914601], [-111.55880724063832, 33.81194963914601], [-111.55880724063832, 33.81213482444883], [-111.55889983463874, 33.81213482444883], [-111.55889983463874, 33.81250519415522], [-111.55899242594114, 33.81250519415522], [-111.55899242594114, 33.812690379458104], [-111.55908501904224, 33.812690379458104], [-111.55908501904224, 33.812782971659885], [-111.55917761124402, 33.812782971659885], [-111.55917761214334, 33.813616305972346], [-111.5592702034458, 33.813616305972346], [-111.5592702034458, 33.81389408437633], [-111.55936279744623, 33.81389408437633], [-111.55936279744623, 33.814079268779835], [-111.5592702034458, 33.814079268779835], [-111.5592702034458, 33.81444963938554], [-111.55936279744623, 33.81444963938554], [-111.55936279744623, 33.81472741689015], [-111.55917761214334, 33.81472741689015], [-111.55917761214334, 33.814634823789106], [-111.55880724063832, 33.814634823789106], [-111.55880724063832, 33.814542231587325], [-111.5574183522159, 33.814542231587325], [-111.5574183522159, 33.814634823789106], [-111.5573257591148, 33.814634823789106], [-111.5573257591148, 33.81491260219303], [-111.55723316691302, 33.81491260219303], [-111.55723316691302, 33.815097788395235], [-111.5571405747113, 33.815097788395235], [-111.5571405747113, 33.81519037969764], [-111.556862795408, 33.81519037969764], [-111.556862795408, 33.81528297279874], [-111.5565850188027, 33.81528297279874], [-111.5565850188027, 33.81537556500052], [-111.55649242660093, 33.81537556500052], [-111.55649242660093, 33.81528297279874], [-111.5560294637935, 33.81528297279874], [-111.5560294637935, 33.81519037969764], [-111.55556649918731, 33.81519037969764], [-111.55556649918731, 33.81528297279874], [-111.55547390698558, 33.81528297279874], [-111.55547390698558, 33.81537556500052], [-111.5552887216827, 33.81537556500052], [-111.5552887216827, 33.81546815810162], [-111.55519612948098, 33.81546815810162], [-111.55519612948098, 33.81556075120267], [-111.5550109441781, 33.81556075120267], [-111.5550109441781, 33.81565334250513], [-111.55491835197631, 33.81565334250513], [-111.55491835197631, 33.815838527807955], [-111.55482575887527, 33.81583852870733], [-111.55482575887527, 33.815931120909056], [-111.55436279606778, 33.815931120909056], [-111.55436279606778, 33.81602371401016], [-111.55408501856317, 33.81602371401016], [-111.55408501856317, 33.81611630621194], [-111.55399242546207, 33.81611630621194], [-111.55399242546207, 33.81620889931304], [-111.55288131364495, 33.81620889931304], [-111.55288131364495, 33.816301491514764], [-111.55278872234248, 33.816301491514764], [-111.55278872234248, 33.81648667681765], [-111.55269612834206, 33.81648667681765], [-111.55269612834206, 33.81667186212047], [-111.55260353614028, 33.81667186212047], [-111.55260353614028, 33.816857047423355], [-111.55241835083746, 33.816857047423355], [-111.55241835083746, 33.817320010230844], [-111.55251094393856, 33.817320010230844], [-111.55251094393856, 33.81769038083655], [-111.55260353614028, 33.81769038083655], [-111.55260353614028, 33.81815334454336], [-111.55251094393856, 33.81815334454336], [-111.55251094393856, 33.818245935845766], [-111.55241835083746, 33.818245935845766], [-111.55241835083746, 33.81833852894687], [-111.552325759535, 33.81833852894687], [-111.552325759535, 33.81843112204797], [-111.55223316553457, 33.81843112204797], [-111.55223316553457, 33.818616307350794], [-111.55214057333285, 33.818616307350794], [-111.55214057333285, 33.81880149265368], [-111.55204798113107, 33.81880149265368], [-111.55204798113107, 33.819079270158284], [-111.55195538802997, 33.819079270158284], [-111.55195538802997, 33.819171861460745], [-111.55186279582819, 33.819171861460745], [-111.55186279582819, 33.81935704766289], [-111.55177020272714, 33.81935704766289], [-111.55177020272714, 33.81944964076399], [-111.55167761052536, 33.81944964076399], [-111.55167761052536, 33.81954223296577], [-111.55158501742426, 33.81954223296577], [-111.55158501742426, 33.819634826066874], [-111.55149242522248, 33.819634826066874], [-111.55149242522248, 33.8197274182686], [-111.55139983302075, 33.8197274182686], [-111.55139983302075, 33.820468158580695], [-111.55130723991965, 33.820468158580695], [-111.55130723991965, 33.82074593698468], [-111.55112205461677, 33.82074593698468], [-111.55112205461677, 33.8208385291864], [-111.55084427711216, 33.8208385291864], [-111.55084427711216, 33.82074593698468], [-111.55075168401106, 33.82074593698468], [-111.55075168401106, 33.8208385291864], [-111.55019612900185, 33.8208385291864], [-111.55019612900185, 33.82130149199389], [-111.55010353590075, 33.82130149199389], [-111.55010353590075, 33.8215792694985], [-111.55001094369896, 33.8215792694985], [-111.55001094369896, 33.8218570488018], [-111.54991835149724, 33.8218570488018], [-111.54991835149724, 33.82222741850819], [-111.54982575749682, 33.82222741850819], [-111.54982575749682, 33.82232001160929], [-111.54973316619436, 33.82232001160929], [-111.54973316619436, 33.82241260381102], [-111.54964057309326, 33.82241260381102], [-111.54964057309326, 33.8225051960128], [-111.54954798089153, 33.8225051960128], [-111.54954798089153, 33.8225977891139], [-111.54945538779043, 33.8225977891139], [-111.54945538779043, 33.82296815971961], [-111.54936279468933, 33.82296815971961], [-111.54936279558865, 33.8234311225271], [-111.54927020338687, 33.8234311225271], [-111.54927020338687, 33.82352371472882], [-111.54917761028577, 33.82352371472882], [-111.54917761028577, 33.82361630872924], [-111.54908501808404, 33.82361630872924], [-111.54908501808404, 33.823708900031704], [-111.54889983188184, 33.823708900031704], [-111.54889983188184, 33.823801492233486], [-111.54880723968006, 33.823801492233486], [-111.54880723968006, 33.823894086233906], [-111.54862205527655, 33.823894086233906], [-111.54862205527655, 33.82398667753631], [-111.54843686907435, 33.82398667753631], [-111.54843686907435, 33.82407927153673], [-111.54797390626692, 33.82407927153673], [-111.54797390626692, 33.824171862839194], [-111.54704797975262, 33.824171862839194], [-111.54704797975262, 33.82407927153673], [-111.54630723944052, 33.82407927153673], [-111.54630723944052, 33.824171862839194], [-111.54621464723874, 33.824171862839194], [-111.54621464723874, 33.82426445594024], [-111.54612205413764, 33.82426445594024], [-111.54612205413764, 33.82435704904134], [-111.54602946193592, 33.82435704904134], [-111.54602946193592, 33.8244496403438], [-111.54593686883481, 33.8244496403438], [-111.54593686883481, 33.82454223434422], [-111.54584427573371, 33.82454223434422], [-111.54584427573371, 33.824634826546], [-111.54575168353193, 33.824634826546], [-111.54575168353193, 33.82472741964705], [-111.54565909133021, 33.82472741964705], [-111.54565909133021, 33.82482001184883], [-111.54538131292622, 33.82482001184883], [-111.54538131292622, 33.82491260405061], [-111.5452887207245, 33.82491260405061], [-111.5452887207245, 33.82500519715171], [-111.54510353542162, 33.82500519715171], [-111.54510353542162, 33.825097789353435], [-111.54501094321984, 33.825097789353435], [-111.54501094321984, 33.82519038245454], [-111.54491835011879, 33.82519038245454], [-111.54491835011879, 33.82528297465632], [-111.54482575791701, 33.82528297465632], [-111.54482575791701, 33.825468159959144], [-111.54473316481591, 33.825468159959144], [-111.54473316481591, 33.825560753060245], [-111.54464057171481, 33.825560753060245], [-111.54464057171481, 33.825653345262026], [-111.5445479804124, 33.825653345262026], [-111.5445479804124, 33.82574593746381], [-111.54445538641198, 33.82574593746381], [-111.54445538641198, 33.82583853056485], [-111.54436279510952, 33.82583853056485], [-111.54436279510952, 33.82593112276663], [-111.54427020200842, 33.82593112276663], [-111.54427020200842, 33.826023715867734], [-111.54417760890738, 33.826023715867734], [-111.5441776098067, 33.82648667957454], [-111.54408501760491, 33.82648667957454], [-111.54408501760491, 33.82667186397805], [-111.5439924236045, 33.82667186397805], [-111.5439924236045, 33.82676445707915], [-111.54389983230203, 33.82676445707915], [-111.54389983230203, 33.82685704838161], [-111.54380723830161, 33.82685704838161], [-111.54380723830161, 33.82694964238203], [-111.54389983230203, 33.82694964238203], [-111.54389983230203, 33.82704223368444], [-111.54408501760491, 33.82704223368444], [-111.54408501760491, 33.82769038269407], [-111.5441776098067, 33.82769038269407], [-111.5441776098067, 33.82824593770334], [-111.54408501760491, 33.82824593770334], [-111.54408501760491, 33.828338530804444], [-111.5439924236045, 33.828338530804444], [-111.5439924236045, 33.82870890141015], [-111.54389983230203, 33.82870890141015], [-111.54389983230203, 33.82880149361188], [-111.5439924236045, 33.82880149361188], [-111.5439924236045, 33.829264457318686], [-111.54389983230203, 33.829264457318686], [-111.54389983230203, 33.829634827025075], [-111.54380723830161, 33.829634827025075], [-111.54380723830161, 33.83000519763078], [-111.5437146469992, 33.83000519763078], [-111.5437146469992, 33.83037556823649], [-111.5436220538981, 33.83037556823649], [-111.5436220538981, 33.830653345741155], [-111.54352946169632, 33.830653345741155], [-111.54352946169632, 33.83120890164969], [-111.5436220538981, 33.83120890164969], [-111.5436220538981, 33.831486679154295], [-111.5437146469992, 33.831486679154295], [-111.5437146469992, 33.8315792722554], [-111.54380723830161, 33.8315792722554], [-111.54380723830161, 33.8316718653565], [-111.54399242450381, 33.8316718653565], [-111.54399242450381, 33.83176445665896], [-111.5441776098067, 33.83176445665896], [-111.5441776098067, 33.831949641961785], [-111.5442702029078, 33.831949641961785], [-111.5442702029078, 33.83213482816399], [-111.54436279510952, 33.83213482816399], [-111.54436279510952, 33.83232001346681], [-111.5444553873113, 33.83232001346681], [-111.5444553873113, 33.832412604769274], [-111.54464057261413, 33.832412604769274], [-111.54464057261413, 33.832505197870375], [-111.54482575791701, 33.832505197870375], [-111.54482575791701, 33.83259779097148], [-111.54491835101811, 33.83259779097148], [-111.54491835101811, 33.8326903831732], [-111.54501094321984, 33.8326903831732], [-111.54501094321984, 33.832875567576764], [-111.54510353542162, 33.832875567576764], [-111.54510353542162, 33.832968161577185], [-111.5452887207245, 33.832968161577185], [-111.5452887207245, 33.83306075377891], [-111.54547390692665, 33.83306075377891], [-111.54547390692665, 33.83315334598069], [-111.54556649912843, 33.83315334598069], [-111.54556649912843, 33.83324593908179], [-111.54575168353193, 33.83324593908179], [-111.54575168353193, 33.8333385303842], [-111.54593686973413, 33.8333385303842], [-111.54593686973413, 33.83343112438462], [-111.54612205503702, 33.83343112438462], [-111.54612205503702, 33.8335237165864], [-111.54630724033984, 33.8335237165864], [-111.54630724033984, 33.8336163096875], [-111.54639983254162, 33.8336163096875], [-111.54639983254162, 33.83389408719211], [-111.5464924247434, 33.83389408719211], [-111.5464924247434, 33.834264456898495], [-111.54658501784445, 33.834264456898495], [-111.54658501784445, 33.8344496431007], [-111.54667761094555, 33.8344496431007], [-111.54667761094555, 33.83454223530242], [-111.54677020314733, 33.83454223530242], [-111.54677020314733, 33.8346348275042], [-111.54686279624843, 33.8346348275042], [-111.54686279624843, 33.834727420605304], [-111.54695538845016, 33.834727420605304], [-111.54695538845016, 33.834820012807086], [-111.54704798065194, 33.834820012807086], [-111.54704798065194, 33.83491260590813], [-111.54714057375304, 33.83491260590813], [-111.54714057375304, 33.83537556961494], [-111.54723316595482, 33.83537556961494], [-111.54723316595482, 33.8355607540185], [-111.54732575905587, 33.8355607540185], [-111.54732575905587, 33.83574593842201], [-111.54741835215697, 33.83574593842201], [-111.54741835215697, 33.83593112372489], [-111.54751094345943, 33.83593112372489], [-111.54751094345943, 33.83602371772531], [-111.54760353745985, 33.83602371772531], [-111.54760353745985, 33.836116309927036], [-111.54769612876225, 33.836116309927036], [-111.54769612876225, 33.8362089012295], [-111.54778872186336, 33.8362089012295], [-111.54778872186336, 33.83630149522992], [-111.54788131496446, 33.83630149522992], [-111.54788131496446, 33.83639408653232], [-111.54797390716624, 33.83639408653232], [-111.54797390716624, 33.836579272734525], [-111.54806650026734, 33.836579272734525], [-111.54806650026734, 33.836671865835626], [-111.54815909246906, 33.836671865835626], [-111.54815909246906, 33.83676445803741], [-111.54825168467084, 33.83676445803741], [-111.54825168467084, 33.83694964334023], [-111.54834427777195, 33.83694964334023], [-111.54834427777195, 33.83759779145055], [-111.54825168467084, 33.83759779145055], [-111.54825168467084, 33.838338531762645], [-111.54834427777195, 33.838338531762645], [-111.54834427777195, 33.83861630926731], [-111.54825168467084, 33.83861630926731], [-111.54825168467084, 33.838801494570134], [-111.54834427777195, 33.838801494570134], [-111.54834427777195, 33.83898667987302], [-111.54843687087305, 33.83898667987302], [-111.54843687087305, 33.839264457377624], [-111.54834427777195, 33.839264457377624], [-111.54834427777195, 33.83944964268045], [-111.54825168467084, 33.83944964268045], [-111.54825168467084, 33.83954223668087], [-111.54815909246906, 33.83954223668087], [-111.54815909246906, 33.83963482888265], [-111.54806650026734, 33.83963482888265], [-111.54806650026734, 33.839820014185534], [-111.54797390806556, 33.839820014185534], [-111.54797390806556, 33.83991260548794], [-111.54788131496446, 33.83991260548794], [-111.54788131496446, 33.84009779169014], [-111.54778872186336, 33.84009779169014], [-111.54778872186336, 33.840560754497574], [-111.54769612966163, 33.840560754497574], [-111.54769612966163, 33.84083853200224], [-111.54760353745985, 33.84083853200224], [-111.54760353745985, 33.841208902607946], [-111.54751094435875, 33.841208902607946], [-111.54751094435875, 33.84148668101187], [-111.54760353745985, 33.84148668101187], [-111.54760353745985, 33.84204223602114], [-111.54751094435875, 33.84204223602114], [-111.54751094435875, 33.842505198828576], [-111.54741835215697, 33.842505198828576], [-111.54741835215697, 33.84333853314109], [-111.54732575995524, 33.84333853314109], [-111.54732575995524, 33.843431125342875], [-111.54723316685414, 33.843431125342875], [-111.54723316685414, 33.843523718443976], [-111.54704798155126, 33.843523718443976], [-111.54704798155126, 33.8436163106457], [-111.54649242654204, 33.8436163106457], [-111.54649242654204, 33.84370890284748], [-111.54602946283524, 33.84370890284748], [-111.54602946283524, 33.8436163106457], [-111.54593686973413, 33.8436163106457], [-111.54593686973413, 33.843523718443976], [-111.54547390692665, 33.843523718443976], [-111.54547390692665, 33.8436163106457], [-111.54528872162382, 33.8436163106457], [-111.54528872162382, 33.843523718443976], [-111.54501094411921, 33.843523718443976], [-111.54501094411921, 33.843431126242194], [-111.5442702029078, 33.843431126242194], [-111.5442702029078, 33.84333853314109], [-111.54417761070602, 33.84333853314109], [-111.54417761070602, 33.843431126242194], [-111.54389983320141, 33.843431126242194], [-111.54389983320141, 33.843523718443976], [-111.54371464789853, 33.843523718443976], [-111.54371464789853, 33.8436163106457], [-111.5435294625957, 33.8436163106457], [-111.5435294625957, 33.84370890284748], [-111.54343687039392, 33.84370890284748], [-111.54343687039392, 33.84380149594858], [-111.54306649888889, 33.84380149594858], [-111.54306649978821, 33.843894089049684], [-111.54288131358601, 33.843894089049684], [-111.54288131358601, 33.843986681251465], [-111.5427887222836, 33.843986681251465], [-111.5427887222836, 33.84407927435251], [-111.54269612828318, 33.84407927435251], [-111.54269612828318, 33.84417186565497], [-111.5426035360814, 33.84417186565497], [-111.5426035360814, 33.84426445875607], [-111.54232575947611, 33.84426445875607], [-111.54232575947611, 33.84435705185717], [-111.54214057327391, 33.84435705185717], [-111.54214057327391, 33.8444496440589], [-111.5417702026682, 33.8444496440589], [-111.5417702026682, 33.84454223716], [-111.54158501736538, 33.84454223716], [-111.54158501736538, 33.844820014664606], [-111.5414924251636, 33.844820014664606], [-111.5414924251636, 33.84491260686639], [-111.54139983296182, 33.84491260686639], [-111.54139983296182, 33.84500519996749], [-111.54130723986071, 33.84500519996749], [-111.54130723986071, 33.84509779306859], [-111.54121464765899, 33.84509779306859], [-111.54121464765899, 33.845190385270314], [-111.54112205455789, 33.845190385270314], [-111.54112205455789, 33.845282978371415], [-111.540936869255, 33.845282978371415], [-111.540936869255, 33.845190385270314], [-111.54084427705328, 33.845190385270314], [-111.54084427705328, 33.84509779306859], [-111.54075168395218, 33.84509779306859], [-111.54075168395218, 33.84500519996749], [-111.5399183514383, 33.84500519996749], [-111.5399183514383, 33.84491260686639], [-111.53982575743788, 33.84491260686639], [-111.53982575743788, 33.844820014664606], [-111.53908501712579, 33.844820014664606], [-111.53908501712579, 33.844727421563505], [-111.53899242492406, 33.844727421563505], [-111.53899242492406, 33.8446348302611], [-111.53889983182296, 33.8446348302611], [-111.53889983182296, 33.84454223716], [-111.53880723962118, 33.84454223716], [-111.53880723962118, 33.8446348302611], [-111.53871464652008, 33.8446348302611], [-111.53871464652008, 33.844727421563505], [-111.5386220543183, 33.844727421563505], [-111.5386220543183, 33.844820014664606], [-111.53834427591437, 33.844820014664606], [-111.53834427591437, 33.84491260776571], [-111.53825168371259, 33.84491260776571], [-111.53825168371259, 33.84500519996749], [-111.53806649840976, 33.84500519996749], [-111.53806649840976, 33.84509779306859], [-111.53797390620798, 33.84509779306859], [-111.53797390620798, 33.845190385270314], [-111.53788131310688, 33.845190385270314], [-111.53788131310688, 33.845282978371415], [-111.53760353560227, 33.845282978371415], [-111.53760353560227, 33.8453755705732], [-111.53723316499656, 33.8453755705732], [-111.53723316499656, 33.84546816277498], [-111.53714057189546, 33.84546816277498], [-111.53714057279478, 33.84556075587602], [-111.53704797969374, 33.84556075587602], [-111.53704797969374, 33.8456533480778], [-111.53695538659264, 33.8456533480778], [-111.53695538659264, 33.845745941178905], [-111.53686279529018, 33.845745941178905], [-111.53686279529018, 33.845838534280006], [-111.53649242378515, 33.845838534280006], [-111.53649242378515, 33.84593112558241], [-111.53612205407876, 33.84593112558241], [-111.53612205407876, 33.845838534280006], [-111.53602946097766, 33.845838534280006], [-111.53602946097766, 33.845745941178905], [-111.53593686877593, 33.845745941178905], [-111.53593686877593, 33.84565334897712], [-111.53575168347305, 33.84565334897712], [-111.53575168347305, 33.84556075587602], [-111.53547390596844, 33.84556075587602], [-111.53547390506913, 33.84546816277498], [-111.53510353536274, 33.84546816277498], [-111.53510353536274, 33.84556075587602], [-111.53482575695875, 33.84556075587602], [-111.53482575695875, 33.84565334897712], [-111.53464057165593, 33.84565334897712], [-111.53464057165593, 33.845745941178905], [-111.53454797855483, 33.845745941178905], [-111.53454797855483, 33.845838534280006], [-111.53445538725236, 33.845838534280006], [-111.53445538725236, 33.84593112558241], [-111.53380723914205, 33.84593112558241], [-111.53380723914205, 33.84602371868351], [-111.53371464604095, 33.84602371868351], [-111.53371464604095, 33.84611631178461], [-111.5336220529399, 33.84611631178461], [-111.5336220529399, 33.846208903986394], [-111.53352946073812, 33.846208903986394], [-111.53352946073812, 33.846301497087495], [-111.53334427453592, 33.846301497087495], [-111.53334427543524, 33.84639409018854], [-111.53315909013241, 33.84639409018854], [-111.53315909013241, 33.84648668239032], [-111.53306649793063, 33.84648668239032], [-111.53306649793063, 33.8465792745921], [-111.53297390482953, 33.8465792745921], [-111.53297390482953, 33.84667186679383], [-111.53288131172843, 33.84667186679383], [-111.53288131172843, 33.84694964519781], [-111.53278872042603, 33.84694964519781], [-111.53278872042603, 33.84704223829891], [-111.53269612732493, 33.84704223829891], [-111.53269612732493, 33.84722742270242], [-111.53260353512314, 33.84722742270242], [-111.53260353512314, 33.84732001580352], [-111.5325109420221, 33.84732001580352], [-111.5325109420221, 33.8474126080053], [-111.532418348921, 33.8474126080053], [-111.532418348921, 33.847505201106344], [-111.53232575671922, 33.847505201106344], [-111.53232575671922, 33.847597793308125], [-111.53214057231571, 33.847597793308125], [-111.53214057231571, 33.84769038550991], [-111.53204797921461, 33.84769038550991], [-111.53204797921461, 33.84778297861101], [-111.53167760950822, 33.84778297861101], [-111.53167760950822, 33.84787557081273], [-111.5315850155078, 33.84787557081273], [-111.5315850155078, 33.84796816391383], [-111.53149242330602, 33.84796816391383], [-111.53149242330602, 33.848060757014935], [-111.5313998311043, 33.848060757014935], [-111.5313998311043, 33.848153349216716], [-111.5313072380032, 33.848153349216716], [-111.5313072380032, 33.84824594231782], [-111.53121464580141, 33.84824594231782], [-111.53121464580141, 33.84833853362022], [-111.53112205270031, 33.84833853362022], [-111.53112205270031, 33.84843112672132], [-111.53102946049853, 33.84843112672132], [-111.53102946049853, 33.84870890512525], [-111.53093686739749, 33.84870890512525], [-111.53093686739749, 33.84880149642771], [-111.5308442751957, 33.84880149642771], [-111.5308442751957, 33.84889409042813], [-111.53075168299392, 33.84889409042813], [-111.53075168299392, 33.84898668262986], [-111.53065908989282, 33.84898668262986], [-111.53065908989282, 33.84907927483164], [-111.53056649679178, 33.84907927483164], [-111.53056649679178, 33.84917186793274], [-111.53047390459, 33.84917186793274], [-111.53047390459, 33.84926446013452], [-111.53038131238822, 33.84926446013452], [-111.53038131238822, 33.84935705323562], [-111.53028871928711, 33.84935705323562], [-111.53028871928711, 33.849449645437346], [-111.53019612708539, 33.849449645437346], [-111.53019612708539, 33.84954223853845], [-111.53010353398429, 33.84954223853845], [-111.53010353398429, 33.84963483074023], [-111.5300109417825, 33.84963483074023], [-111.5300109417825, 33.84972742384133], [-111.52991834958073, 33.84972742384133], [-111.52991834958073, 33.851208904465466], [-111.52982575647968, 33.851208904465466], [-111.52982575647968, 33.85130149846589], [-111.5297331642779, 33.85130149846589], [-111.5297331642779, 33.85139408976835], [-111.52945538587397, 33.85139408976835], [-111.52945538587397, 33.85148668286945], [-111.52936279367219, 33.85148668286945], [-111.52936279367219, 33.85157927597055], [-111.52927020147041, 33.85157927597055], [-111.52927020147041, 33.851671867272955], [-111.52917760746999, 33.851671867272955], [-111.52917760746999, 33.851764461273376], [-111.52899242306648, 33.851764461273376], [-111.52899242306648, 33.851671867272955], [-111.5288998308647, 33.851671867272955], [-111.5288998308647, 33.851764461273376], [-111.5287146446625, 33.851764461273376], [-111.5287146446625, 33.85185705347516], [-111.5286220533601, 33.85185705347516], [-111.5286220533601, 33.85194964657626], [-111.52852945935967, 33.85194964657626], [-111.52852945935967, 33.85204223877798], [-111.52843686805721, 33.85204223877798], [-111.52843686805721, 33.852134830979765], [-111.52834427495617, 33.852134830979765], [-111.52834427495617, 33.852227424080866], [-111.52806649655219, 33.852227424080866], [-111.52806649655219, 33.85232001628265], [-111.52788131124936, 33.85232001628265], [-111.52788131124936, 33.85241260938369], [-111.52778871904758, 33.85241260938369], [-111.52778871904758, 33.85250520158547], [-111.52751094154297, 33.85250520158547], [-111.52751094154297, 33.852597794686574], [-111.52732575624009, 33.852597794686574], [-111.52732575624009, 33.852690386888355], [-111.52723316313899, 33.852690386888355], [-111.52723316313899, 33.852782979989456], [-111.52704797873548, 33.852782979989456], [-111.52704797873548, 33.85287557219118], [-111.52695538563438, 33.85287557219118], [-111.52695538563438, 33.85296816439296], [-111.5268627934326, 33.85296816439296], [-111.5268627934326, 33.85306075749406], [-111.52677020033155, 33.85306075749406], [-111.52677020033155, 33.85315334969579], [-111.52667760812977, 33.85315334969579], [-111.52667760812977, 33.85324594369621], [-111.52612205132186, 33.85324594369621], [-111.52612205132186, 33.85333853499867], [-111.52602946001946, 33.85333853499867], [-111.52602946001946, 33.85343112720045], [-111.52491834820233, 33.85343112720045], [-111.52491834820233, 33.85352372120087], [-111.52454797759657, 33.85352372120087], [-111.52454797759657, 33.85361631250328], [-111.52445538539484, 33.85361631250328], [-111.52445538539484, 33.8548200174215], [-111.52454797759657, 33.8548200174215], [-111.52454797759657, 33.854912609623284], [-111.52436279229374, 33.854912609623284], [-111.52436279229374, 33.855005202724385], [-111.52417760789024, 33.855005202724385], [-111.52417760789024, 33.85509779492611], [-111.52408501478914, 33.85509779492611], [-111.52408501478914, 33.85519038712789], [-111.52399242258736, 33.85519038712789], [-111.52399242258736, 33.85528298022899], [-111.52389982948625, 33.85528298022899], [-111.52389982948625, 33.85537557243077], [-111.52380723728453, 33.85537557243077], [-111.52380723728453, 33.85546816553182], [-111.52371464508275, 33.85546816553182], [-111.52371464508275, 33.8555607577336], [-111.52352945888055, 33.8555607577336], [-111.52352945888055, 33.85574594303648], [-111.52343686667876, 33.85574594303648], [-111.52343686667876, 33.855838535238206], [-111.52334427447704, 33.855838535238206], [-111.52334427447704, 33.856009265628245], [-111.39075165429011, 33.856516513187614], [-111.39075165429011, 33.85630150613969], [-111.39084424739121, 33.85630150613969], [-111.39084424739121, 33.8560237277357], [-111.39093683959294, 33.8560237277357], [-111.39093683959294, 33.8559311364333], [-111.39102943359336, 33.8559311364333], [-111.39102943359336, 33.85583854243288], [-111.39112202489582, 33.85583854243288], [-111.39112202489582, 33.855745950231096], [-111.39121461799692, 33.855745950231096], [-111.39121461799692, 33.855653358029315], [-111.39130721019865, 33.855653358029315], [-111.39130721019865, 33.855560764928214], [-111.39139980240043, 33.855560764928214], [-111.39139980240043, 33.85546817182717], [-111.39149239640085, 33.85546817182717], [-111.39149239640085, 33.85537557962539], [-111.39158498770325, 33.85537557962539], [-111.39158498770325, 33.85528298742361], [-111.39167758170368, 33.85528298742361], [-111.39167758170368, 33.855190394322506], [-111.39177017300614, 33.855190394322506], [-111.39177017300614, 33.85509780212078], [-111.39186276520792, 33.85509780212078], [-111.39186276520792, 33.85500520901968], [-111.39204795051074, 33.85500520901968], [-111.39204795051074, 33.8549126168179], [-111.39223313581363, 33.8549126168179], [-111.39223313581363, 33.85472743151507], [-111.39214054451116, 33.85472743151507], [-111.39214054451116, 33.85444965401041], [-111.39204795051074, 33.85444965401041], [-111.39204795051074, 33.85426446870758], [-111.39195535920834, 33.85426446870758], [-111.39195535920834, 33.8541718765058], [-111.39186276520792, 33.8541718765058], [-111.39186276520792, 33.85407928250538], [-111.39177017300614, 33.85407928250538], [-111.39177017300614, 33.85370891369831], [-111.39167758170368, 33.85370891369831], [-111.39167758170368, 33.853338543092605], [-111.39177017300614, 33.853338543092605], [-111.39177017300614, 33.85315335689046], [-111.39186276520792, 33.85315335689046], [-111.39186276520792, 33.853060765588], [-111.39195535830902, 33.853060765588], [-111.39195535830902, 33.85296817158758], [-111.39204795051074, 33.85296817158758], [-111.39204795051074, 33.85278298628475], [-111.39214054451116, 33.85278298628475], [-111.39214054451116, 33.85259780278051], [-111.39223313581363, 33.85259780278051], [-111.39223313581363, 33.85250520878009], [-111.39232572981405, 33.85250520878009], [-111.39232572981405, 33.85232002347726], [-111.39241832111645, 33.85232002347726], [-111.39241832111645, 33.852042245972655], [-111.39251091331823, 33.852042245972655], [-111.39251091331823, 33.85185706066977], [-111.39260350731865, 33.85185706066977], [-111.39260350731865, 33.85176446846805], [-111.39269609862106, 33.85176446846805], [-111.39269609862106, 33.85167187536695], [-111.39278869262154, 33.85167187536695], [-111.39278869262154, 33.851486689164744], [-111.39288128392394, 33.851486689164744], [-111.39288128392394, 33.84889409762275], [-111.39297387612572, 33.84889409762275], [-111.39297387612572, 33.848801504521646], [-111.39343684073185, 33.848801504521646], [-111.39343684073185, 33.84870891231992], [-111.39362202423604, 33.84870891231992], [-111.39362202423604, 33.84861632011814], [-111.39371461823646, 33.84861632011814], [-111.39371461823646, 33.84806076420955], [-111.39380720953892, 33.84806076420955], [-111.39380720953892, 33.847875578906724], [-111.39389980353934, 33.847875578906724], [-111.39389980353934, 33.84769039270452], [-111.39399239574107, 33.84769039270452], [-111.39399239574107, 33.84759780140212], [-111.39408498794285, 33.84759780140212], [-111.39408498794285, 33.84732002299813], [-111.39417758104395, 33.84732002299813], [-111.39417758104395, 33.84713483859463], [-111.39427017234635, 33.84713483859463], [-111.39427017234635, 33.847042244594206], [-111.39436276634677, 33.847042244594206], [-111.39436276634677, 33.84685706019064], [-111.39445535854856, 33.84685706019064], [-111.39445535764924, 33.8467644670896], [-111.39454795164966, 33.8467644670896], [-111.39454795164966, 33.84667187488782], [-111.39464054385138, 33.84667187488782], [-111.39464054385138, 33.84657928178672], [-111.39473313605316, 33.84657928178672], [-111.39473313605316, 33.84620891208033], [-111.39482572915426, 33.84620891208033], [-111.39482572915426, 33.8460237267775], [-111.39491832045672, 33.846023725878126], [-111.39491832045672, 33.8459311336764], [-111.39501091445715, 33.8459311336764], [-111.39501091445715, 33.84574594927284], [-111.39510350665887, 33.84574594927284], [-111.39510350665887, 33.845560763070694], [-111.39519609886065, 33.845560763070694], [-111.39519609886065, 33.84537557776781], [-111.39528869196175, 33.84537557776781], [-111.39528869196175, 33.845190393364305], [-111.39538128416348, 33.845190393364305], [-111.39538128416348, 33.845097800263204], [-111.39547387726458, 33.845097800263204], [-111.39547387726458, 33.84500520806142], [-111.39556646946636, 33.84500520806142], [-111.39556646946636, 33.84491261496032], [-111.39575165476919, 33.84491261496032], [-111.39575165476919, 33.8448200227586], [-111.39584424787029, 33.8448200227586], [-111.39584424787029, 33.844634836556395], [-111.39575165476919, 33.844634836556395], [-111.39575165476919, 33.84454224525399], [-111.39565906256746, 33.84454224525399], [-111.39565906256746, 33.84444965215289], [-111.39556646946636, 33.84444965215289], [-111.39556646946636, 33.84426446685001], [-111.39547387726458, 33.84426446685001], [-111.39547387726458, 33.8440792824465], [-111.39538128416348, 33.8440792824465], [-111.39538128416348, 33.8439866893454], [-111.39528869196175, 33.8439866893454], [-111.39528869196175, 33.84389409714362], [-111.39519609886065, 33.84389409714362], [-111.39519609886065, 33.84380150404252], [-111.39510350665887, 33.84380150404252], [-111.39510350665887, 33.84370891094147], [-111.39501091445715, 33.84370891094147], [-111.39501091445715, 33.84269039312471], [-111.39510350575955, 33.84269039312471], [-111.39510350575955, 33.84250520692257], [-111.39519609886065, 33.84250520692257], [-111.39519609886065, 33.84213483721618], [-111.39528869196175, 33.84213483721618], [-111.39528869196175, 33.841857058812195], [-111.39519609886065, 33.841857058812195], [-111.39519609886065, 33.84157928130759], [-111.39510350575955, 33.84157928130759], [-111.39510350575955, 33.84139409600476], [-111.39501091445715, 33.84139409600476], [-111.39501091445715, 33.84130150380298], [-111.39491832045672, 33.84130150380298], [-111.39491832045672, 33.84120891070188], [-111.39482572915426, 33.84120891070188], [-111.39482572915426, 33.841116318500156], [-111.39473313605316, 33.841116318500156], [-111.39473313605316, 33.841023725399054], [-111.39464054295206, 33.841023725399054], [-111.39464054295206, 33.84093113319727], [-111.39454795164966, 33.84093113319727], [-111.39454795164966, 33.840560762591565], [-111.39445535764924, 33.840560762591565], [-111.39445535764924, 33.840468170389784], [-111.39436276544745, 33.840468170389784], [-111.39436276544745, 33.84019039198586], [-111.39427017234635, 33.84019039198586], [-111.39427017234635, 33.840097799784076], [-111.39417758014463, 33.840097799784076], [-111.39417758014463, 33.84000520758235], [-111.39408498794285, 33.84000520758235], [-111.39408498794285, 33.83991261448125], [-111.39399239484175, 33.83991261448125], [-111.39399239484175, 33.83982002227947], [-111.39389980263996, 33.83982002227947], [-111.39389980263996, 33.83972742917837], [-111.39380720953892, 33.83972742917837], [-111.39380720953892, 33.839634836976586], [-111.39371461733714, 33.839634836976586], [-111.39371461733714, 33.83954224387554], [-111.39362202333672, 33.83954224387554], [-111.39362202333672, 33.83944965167376], [-111.39352943203426, 33.83944965167376], [-111.39352943203426, 33.83935705947198], [-111.39343683893316, 33.83935705947198], [-111.39343683893316, 33.83926446547156], [-111.39334424673143, 33.83926446547156], [-111.39334424673143, 33.83907928106805], [-111.39325165452965, 33.83907928106805], [-111.39325165452965, 33.83898668886627], [-111.39315906052923, 33.83898668886627], [-111.39315906052923, 33.83889409666449], [-111.39306646922682, 33.83889409666449], [-111.39306646922682, 33.83880150266407], [-111.3929738752264, 33.83880150266407], [-111.3929738752264, 33.838708911361664], [-111.39288128302462, 33.838708911361664], [-111.39288128302462, 33.83861631736124], [-111.39204794961142, 33.83861631736124], [-111.39204794961142, 33.83852372605878], [-111.3918627643086, 33.83852372605878], [-111.3918627643086, 33.83843113295774], [-111.39167758080436, 33.83843113295774], [-111.39167758080436, 33.838338539856636], [-111.39158498680393, 33.838338539856636], [-111.39158498680393, 33.838245948554174], [-111.39149239460221, 33.838245948554174], [-111.39149239460221, 33.838153354553754], [-111.39139980150111, 33.838153354553754], [-111.39139980150111, 33.83806076325135], [-111.39130720929933, 33.83806076325135], [-111.39130720929933, 33.83796816925093], [-111.3911220239965, 33.83796816925093], [-111.3911220239965, 33.83787557704915], [-111.39093683869362, 33.83787557704915], [-111.39093683869362, 33.837782985746685], [-111.39084424649184, 33.837782985746685], [-111.39084424649184, 33.837690391746264], [-111.39075165249142, 33.837690391746264], [-111.39075165249142, 33.83759780044386], [-111.39065906118901, 33.83759780044386], [-111.39065906118901, 33.83750520644344], [-111.39047387588613, 33.83750520644344], [-111.39047387498681, 33.83741261424166], [-111.39065906118901, 33.83741261424166], [-111.39065906118901, 33.837320021140556], [-111.39084424649184, 33.837320021140556], [-111.39084424649184, 33.83722742893883], [-111.39102943179472, 33.83722742893883], [-111.39102943179472, 33.83713483763637], [-111.3911220239965, 33.83713483763637], [-111.3911220239965, 33.83704224363595], [-111.3912146152989, 33.83704224363595], [-111.3912146152989, 33.836949651434225], [-111.39139980150111, 33.836949651434225], [-111.39139980150111, 33.83676446613134], [-111.39149239460221, 33.83676446613134], [-111.39149239460221, 33.83657928082846], [-111.39158498680393, 33.83657928082846], [-111.39158498680393, 33.836486688626735], [-111.39167757900572, 33.836486688626735], [-111.39167757900572, 33.83630150332385], [-111.39158498680393, 33.83630150332385], [-111.39158498680393, 33.83620890932343], [-111.39149239460221, 33.83620890932343], [-111.39149239460221, 33.83611631802103], [-111.39139980150111, 33.83611631802103], [-111.39139980060179, 33.836023725819246], [-111.39130720929933, 33.836023725819246], [-111.39130720929933, 33.835931132718144], [-111.3912146152989, 33.835931132718144], [-111.3912146152989, 33.83583854051642], [-111.3911220239965, 33.83583854051642], [-111.3911220239965, 33.835745946516], [-111.39102943179472, 33.835745946516], [-111.39102943179472, 33.83565335521354], [-111.3909368377943, 33.83565335521354], [-111.3909368377943, 33.83556076121312], [-111.39084424649184, 33.83556076121312], [-111.39084424649184, 33.835468169910655], [-111.39075165249142, 33.835468169910655], [-111.39075165249142, 33.83537557770893], [-111.39065906118901, 33.83537557770893], [-111.39065906118901, 33.83528298370851], [-111.39056646718859, 33.83528298370851], [-111.39056646718859, 33.83519039240605], [-111.39047387498681, 33.83519039240605], [-111.39047387498681, 33.83509779840563], [-111.3903812836844, 33.83509779840563], [-111.3903812836844, 33.83500520710322], [-111.39028868968398, 33.83500520710322], [-111.39028868968398, 33.83491261400212], [-111.3901960974822, 33.83491261400212], [-111.3901960974822, 33.83482002090102], [-111.39001091217932, 33.83482002090102], [-111.39001091217932, 33.834727429598615], [-111.3899183199776, 33.834727429598615], [-111.3899183199776, 33.834634835598195], [-111.3898257268765, 33.834634835598195], [-111.3898257268765, 33.83454224429573], [-111.38973313467471, 33.83454224429573], [-111.38973313467471, 33.83444965029531], [-111.38964054157361, 33.83444965029531], [-111.38964054157361, 33.83435705809353], [-111.38954794937189, 33.83435705809353], [-111.38954794937189, 33.834264465891806], [-111.389362764069, 33.834264465891806], [-111.389362764069, 33.834171872790705], [-111.38927017186722, 33.834171872790705], [-111.38927017186722, 33.83407928148824], [-111.38917757876618, 33.83407928148824], [-111.38917757876618, 33.83398668748782], [-111.38834424445366, 33.83398668748782], [-111.38834424445366, 33.8338940952861], [-111.3882516531512, 33.83389409618542], [-111.3882516531512, 33.83380150308432], [-111.3881590600501, 33.83380150308432], [-111.3881590600501, 33.833708909983216], [-111.38778868944439, 33.833708909983216], [-111.38778868944439, 33.83380150308432], [-111.38741831883868, 33.83380150308432], [-111.38741831883868, 33.83389409618542], [-111.38677017072837, 33.83389409618542], [-111.38677017072837, 33.83380150308432], [-111.38658498542549, 33.83380150308432], [-111.38658498542549, 33.833708909983216], [-111.38621461481978, 33.833708909983216], [-111.38621461481978, 33.83380150308432], [-111.38593683641585, 33.83380150308432], [-111.38593683641585, 33.833708909983216], [-111.38556646760878, 33.833708909983216], [-111.38556646760878, 33.83361631868081], [-111.38538128230596, 33.83361631868081], [-111.38538128230596, 33.83352372468033], [-111.38501091080087, 33.83352372468033], [-111.38501091080087, 33.83361631868081], [-111.38482572549805, 33.83361631868081], [-111.38482572549805, 33.833708909983216], [-111.38408498518595, 33.833708910882535], [-111.38408498518595, 33.83380150308432], [-111.38389979988307, 33.83380150308432], [-111.38389979988307, 33.833708910882535], [-111.38334424397453, 33.833708910882535], [-111.38334424397453, 33.83361631868081], [-111.38325165177275, 33.83361631868081], [-111.38325165177275, 33.83352372468033], [-111.38315905867165, 33.83352372468033], [-111.38315905867165, 33.833245948075046], [-111.38306646557061, 33.833245948075046], [-111.38306646557061, 33.833153354974], [-111.38297387426815, 33.833153354974], [-111.38297387426815, 33.83296817057044], [-111.38288128116704, 33.83296817057044], [-111.38288128116704, 33.83287557657002], [-111.38269609586422, 33.83287557657002], [-111.38269609586422, 33.83278298526761], [-111.38260350276312, 33.83278298526761], [-111.38260350276312, 33.83269039216651], [-111.38251091056134, 33.83269039216651], [-111.38251091056134, 33.83259779906541], [-111.38232572525851, 33.83259779906541], [-111.38232572525851, 33.83250520686363], [-111.38204794685453, 33.83250520686363], [-111.38204794685453, 33.83241261376253], [-111.38177017024924, 33.83241261376253], [-111.38177017024924, 33.832320022460124], [-111.38167757714814, 33.832320022460124], [-111.38167757714814, 33.8322274284597], [-111.38158498404704, 33.8322274284597], [-111.38158498404704, 33.83213483625792], [-111.38149239184531, 33.83213483625792], [-111.38149239184531, 33.8320422440562], [-111.38139979874421, 33.8320422440562], [-111.38139979874421, 33.831949650955096], [-111.38130720744175, 33.831949650955096], [-111.38130720744175, 33.831394095945825], [-111.3812146143407, 33.831394095945825], [-111.3812146143407, 33.831486688147606], [-111.38102942903782, 33.831486688147606], [-111.38102942903782, 33.83157928124871], [-111.38084424283562, 33.83157928124871], [-111.38084424283562, 33.83167187345049], [-111.38056646623033, 33.83167187345049], [-111.38056646623033, 33.83176446565221], [-111.38047387312923, 33.83176446565221], [-111.38047387312923, 33.831857058753315], [-111.38038128002819, 33.831857058753315], [-111.38038128002819, 33.8320422440562], [-111.38028868782641, 33.8320422440562], [-111.38028868782641, 33.831949650955096], [-111.3801960947253, 33.831949650955096], [-111.3801960947253, 33.831857058753315], [-111.38010350252353, 33.831857058753315], [-111.38010350252353, 33.83176446565221], [-111.3800109103218, 33.83176446565221], [-111.3800109103218, 33.83167187345049], [-111.3799183172207, 33.83167187345049], [-111.3799183172207, 33.83157928124871], [-111.37982572501892, 33.83157928124871], [-111.37982572501892, 33.831486688147606], [-111.37973313191782, 33.831486688147606], [-111.37973313191782, 33.831394095945825], [-111.37964053971609, 33.831394095945825], [-111.37964053881672, 33.831301502844724], [-111.37945535351389, 33.831301502844724], [-111.37945535351389, 33.83102372534012], [-111.37936276221143, 33.83102372534012], [-111.37936276221143, 33.83093113313839], [-111.37927016911038, 33.83093113313839], [-111.37927016911038, 33.83083854003729], [-111.37917757600928, 33.83083854003729], [-111.37917757600928, 33.83074594693619], [-111.3790849838075, 33.83074594693619], [-111.3790849838075, 33.83056076163331], [-111.3789923907064, 33.83056076163331], [-111.3789923907064, 33.8304681703309], [-111.378899799404, 33.8304681703309], [-111.378899799404, 33.8303755772298], [-111.3787146132018, 33.8303755772298], [-111.3787146132018, 33.8302829841287], [-111.37852942789891, 33.8302829841287], [-111.37852942789891, 33.830097798825875], [-111.37843683479787, 33.830097798825875], [-111.37843683479787, 33.830005206624094], [-111.37852942789891, 33.830005206624094], [-111.37852942789891, 33.82991261442231], [-111.37862202100001, 33.82991261442231], [-111.37862202100001, 33.82898668790807], [-111.37852942789891, 33.82898668790807], [-111.37852942789891, 33.82880150260519], [-111.37843683479787, 33.82880150260519], [-111.37843683479787, 33.82870891040341], [-111.37834424259609, 33.82870891040341], [-111.37834424259609, 33.82843113199948], [-111.37843683479787, 33.82843113199948], [-111.37843683479787, 33.8283385397977], [-111.37852942789891, 33.8283385397977], [-111.37852942789891, 33.82796816919199], [-111.37843683479787, 33.82796816919199], [-111.37843683479787, 33.827782983889165], [-111.37834424259609, 33.827782983889165], [-111.37834424259609, 33.8275977994856], [-111.3782516503943, 33.8275977994856], [-111.3782516503943, 33.82741261418278], [-111.3781590572932, 33.82741261418278], [-111.3781590572932, 33.827320021081675], [-111.37806646509148, 33.827320021081675], [-111.37806646509148, 33.827227427980574], [-111.37797387199038, 33.827227427980574], [-111.37797387199038, 33.82713483577879], [-111.3778812797886, 33.82713483577879], [-111.3778812797886, 33.82704224267775], [-111.37778868758687, 33.82704224267775], [-111.37778868758687, 33.82694965137529], [-111.37769609358645, 33.82694965137529], [-111.37769609358645, 33.826857057374866], [-111.37760350228399, 33.826857057374866], [-111.37760350228399, 33.826764465173085], [-111.37751090918289, 33.826764465173085], [-111.37751090918289, 33.82667187297136], [-111.3771405394765, 33.82667187297136], [-111.3771405394765, 33.826764465173085], [-111.37704794547608, 33.826764465173085], [-111.37704794547608, 33.82667187297136], [-111.37695535327435, 33.82667187297136], [-111.37695535327435, 33.82657927987026], [-111.37677016797147, 33.82657927987026], [-111.37677016797147, 33.8264866885678], [-111.37658498266865, 33.8264866885678], [-111.37658498266865, 33.82639409456738], [-111.37639979736576, 33.82639409456738], [-111.37639979736576, 33.82630150236565], [-111.37630720516398, 33.82630150236565], [-111.37630720516398, 33.82620891016387], [-111.37621461206288, 33.82620891016387], [-111.37621461206288, 33.82611631706277], [-111.37612201986116, 33.82611631706277], [-111.37612201986116, 33.82602372486099], [-111.37602942765938, 33.82602372486099], [-111.37602942765938, 33.825931131759944], [-111.37584424235655, 33.825931131759944], [-111.37584424235655, 33.82583853955816], [-111.37565905705367, 33.82583853955816], [-111.37565905705367, 33.82574594645706], [-111.37547387175078, 33.82574594645706], [-111.37547387175078, 33.82565335425528], [-111.37528868554864, 33.82565335425528], [-111.37528868554864, 33.825560762053556], [-111.37491831674157, 33.825560762053556], [-111.37491831674157, 33.825468168952455], [-111.37482572274115, 33.825468168952455], [-111.37482572274115, 33.82537557585135], [-111.37445535303476, 33.82537557764999], [-111.37445535303476, 33.82528298364957], [-111.37436275993366, 33.82528298364957], [-111.37436275993366, 33.82519039144785], [-111.37399238932795, 33.82519039144785], [-111.37399238932795, 33.82509779834675], [-111.37380720582377, 33.82509779834675], [-111.37380720402513, 33.825005206144965], [-111.37371461182335, 33.825005206144965], [-111.37371461182335, 33.824912613943184], [-111.37288127751083, 33.824912613943184], [-111.37288127751083, 33.82472742864036], [-111.37315905681413, 33.82472742864036], [-111.37315905681413, 33.82435705803465], [-111.37232572340093, 33.82435705803465], [-111.37232572340093, 33.82426446493355], [-111.37214053719873, 33.82426446493355], [-111.37214053719873, 33.82380150122674], [-111.37241831470334, 33.82380150122674], [-111.37241831470334, 33.823245947116845], [-111.37232572340093, 33.823245947116845], [-111.37232572340093, 33.82306076091464], [-111.37223312940051, 33.82306076091464], [-111.37223312940051, 33.82296816961224], [-111.37214053719873, 33.82296816961224], [-111.37214053719873, 33.822782984309356], [-111.3719553518959, 33.822782984309356], [-111.3719553518959, 33.82204224219862], [-111.37186275969412, 33.82204224219862], [-111.37186275969412, 33.821857058694434], [-111.37177016659302, 33.821857058694434], [-111.37177016659302, 33.82176446469401], [-111.37186275969412, 33.82176446469401], [-111.37186275969412, 33.82111631658364], [-111.3719553518959, 33.82111631658364], [-111.3719553518959, 33.82065335377621], [-111.37204794499695, 33.82065335377621], [-111.37204794499695, 33.82056076157443], [-111.3719553518959, 33.82056076157443], [-111.3719553518959, 33.82019039096872], [-111.37186275969412, 33.82019039096872], [-111.37186275969412, 33.81944965065662], [-111.37177016659302, 33.81944965065662], [-111.37177016659302, 33.81926446535374], [-111.37167757439124, 33.81926446535374], [-111.37167757439124, 33.819079279151595], [-111.37158498039082, 33.819079279151595], [-111.37158498039082, 33.81898668694981], [-111.37149238908842, 33.81898668694981], [-111.37149238908842, 33.81889409384871], [-111.37158498039082, 33.81889409384871], [-111.37158498039082, 33.81880150254631], [-111.37167757439124, 33.81880150254631], [-111.37167757439124, 33.81870890854589], [-111.37186275969412, 33.81870890854589], [-111.37186275969412, 33.818616316344105], [-111.3719553518959, 33.818616316344105], [-111.3719553518959, 33.81843113104122], [-111.37204794319831, 33.81843113104122], [-111.37204794319831, 33.8183385388395], [-111.37214053719873, 33.8183385388395], [-111.37214053719873, 33.8182459457384], [-111.37223312940051, 33.8182459457384], [-111.37223312940051, 33.818153353536616], [-111.37232572250161, 33.818153353536616], [-111.37232572250161, 33.818060760435515], [-111.37241831470334, 33.818060760435515], [-111.37241831470334, 33.81796816823379], [-111.37251090690512, 33.81796816823379], [-111.37251090690512, 33.81787557603201], [-111.372696092208, 33.81787557603201], [-111.372696092208, 33.81778298293091], [-111.37278868530905, 33.81778298293091], [-111.37278868530905, 33.81769038982981], [-111.37288127751083, 33.81769038982981], [-111.37288127751083, 33.81759779762808], [-111.37297387061193, 33.81759779762808], [-111.37297387061193, 33.8175052054263], [-111.37306646281371, 33.8175052054263], [-111.37306646281371, 33.81732002012342], [-111.37399238842863, 33.81732002012342], [-111.37399238842863, 33.817227427022374], [-111.37408498242905, 33.817227427022374], [-111.37408498242905, 33.81713483482059], [-111.37427016773194, 33.81713483482059], [-111.37427016773194, 33.817227427022374], [-111.37436275993366, 33.817227427022374], [-111.37436275993366, 33.81713483482059], [-111.37445535213544, 33.81713483482059], [-111.37445535213544, 33.817227427022374], [-111.37454794523654, 33.817227427022374], [-111.37454794523654, 33.81713483482059], [-111.37491831494293, 33.81713483482059], [-111.37491831494293, 33.817227427022374], [-111.37519609334686, 33.817227427022374], [-111.37519609334686, 33.81713483482059], [-111.37621461206288, 33.81713483482059], [-111.37621461206288, 33.81704224171949], [-111.37677016707215, 33.81704224171949], [-111.37677016707215, 33.81713483392127], [-111.37704794457676, 33.81713483392127], [-111.37704794457676, 33.817227427022374], [-111.37723313077896, 33.817227427022374], [-111.37723313077896, 33.81713483392127], [-111.37732572298069, 33.81713483392127], [-111.37732572298069, 33.81704224171949], [-111.37741831608179, 33.81704224171949], [-111.37741831608179, 33.81713483392127], [-111.37760350138467, 33.81713483392127], [-111.37760350138467, 33.81704224171949], [-111.37778868578818, 33.81704224171949], [-111.37778868578818, 33.816857057315985], [-111.3781590572932, 33.816857057315985], [-111.3781590572932, 33.81694964861839], [-111.37825164949498, 33.81694964861839], [-111.37825164949498, 33.81704224171949], [-111.37834424169677, 33.81704224171949], [-111.37834424169677, 33.817227427022374], [-111.37843683389849, 33.817227427022374], [-111.37843683389849, 33.81732002012342], [-111.37852942699959, 33.81732002012342], [-111.37852942699959, 33.81769038982981], [-111.37899238980708, 33.81769038982981], [-111.37899238980708, 33.81759779672876], [-111.37927016821101, 33.81759779672876], [-111.37927016821101, 33.8175052054263], [-111.37936276131211, 33.8175052054263], [-111.37936276131211, 33.81741261142588], [-111.3796405379174, 33.81741261142588], [-111.3796405379174, 33.81732002012342], [-111.3797331310185, 33.81732002012342], [-111.3797331310185, 33.817227427022374], [-111.3798257241196, 33.817227427022374], [-111.3798257241196, 33.81713483392127], [-111.38001090942248, 33.81713483392127], [-111.38001090942248, 33.81704224171949], [-111.38019609382599, 33.81704224171949], [-111.38019609382599, 33.81694964861839], [-111.38028868692709, 33.81694964861839], [-111.38028868692709, 33.816764464214884], [-111.38019609382599, 33.816764464214884], [-111.38019609382599, 33.816579278912], [-111.38065905663348, 33.816579278912], [-111.38065905663348, 33.81648668581096], [-111.38158498314772, 33.81648668581096], [-111.38158498314772, 33.81639409270986], [-111.38195535375343, 33.81639409270986], [-111.38195535375343, 33.816301500508075], [-111.38241831656092, 33.816301500508075], [-111.38241831656092, 33.81639409270986], [-111.38315905777233, 33.81639409270986], [-111.38315905777233, 33.81648668581096], [-111.38325164997411, 33.81648668581096], [-111.38325164997411, 33.81657927801268], [-111.38334424307521, 33.81657927801268], [-111.38334424307521, 33.81667187111378], [-111.38343683527694, 33.81667187111378], [-111.38343683527694, 33.816764464214884], [-111.38380720588265, 33.816764464214884], [-111.38380720588265, 33.81667187111378], [-111.38399239118553, 33.81667187111378], [-111.38399239118553, 33.81657927801268], [-111.38427016958946, 33.81657927801268], [-111.38427016958946, 33.81648668581096], [-111.38445535399302, 33.81648668581096], [-111.38445535399302, 33.81639409270986], [-111.38464053839652, 33.81639409270986], [-111.38464053839652, 33.816301500508075], [-111.38454794709412, 33.816301500508075], [-111.38454794709412, 33.816208908306294], [-111.38445535399302, 33.816208908306294], [-111.38445535399302, 33.81611631520519], [-111.38436276179124, 33.81611631520519], [-111.38436276179124, 33.81602372300347], [-111.38427016958946, 33.81602372300347], [-111.38427016958946, 33.81593112990237], [-111.38417757558904, 33.81593112990237], [-111.38417757558904, 33.815838537700586], [-111.38408498428663, 33.815838537700586], [-111.38408498428663, 33.81574594549886], [-111.38399239118553, 33.81574594549886], [-111.38399239118553, 33.81565335149844], [-111.38408498428663, 33.81565335149844], [-111.38408498428663, 33.81556076019598], [-111.38417757558904, 33.81556076019598], [-111.38417757558904, 33.81546816709488], [-111.38427016958946, 33.81546816709488], [-111.38427016958946, 33.81519038869095], [-111.38436276089192, 33.81519038869095], [-111.38436276089192, 33.814912612085664], [-111.38445535399302, 33.814912612085664], [-111.38445535399302, 33.81472742588346], [-111.38454794709412, 33.81472742588346], [-111.38454794709412, 33.81463483368168], [-111.38464053839652, 33.81463483368168], [-111.38464053839652, 33.814449648378854], [-111.38454794709412, 33.814449648378854], [-111.38454794709412, 33.81435705617707], [-111.38445535399302, 33.81435705617707], [-111.38445535399302, 33.81426446307597], [-111.38454794709412, 33.81426446307597], [-111.38454794709412, 33.81417187087425], [-111.38464053839652, 33.81417187087425], [-111.38464053839652, 33.813986684672045], [-111.38473313239695, 33.813986684672045], [-111.38473313239695, 33.81361631496566], [-111.38482572369941, 33.81361631496566], [-111.38482572369941, 33.81333853656173], [-111.38491831769983, 33.81333853656173], [-111.38491831769983, 33.81315335215817], [-111.38501090990155, 33.81315335215817], [-111.38501090990155, 33.813060759057066], [-111.38510350210333, 33.813060759057066], [-111.38510350210333, 33.81287557375424], [-111.38519609520444, 33.81287557375424], [-111.38519609520444, 33.81250520404785], [-111.38510350210333, 33.81250520404785], [-111.38510350210333, 33.81241261094675], [-111.38519609520444, 33.81241261094675], [-111.38519609520444, 33.81204224124036], [-111.38528868650684, 33.81204224124036], [-111.38528868650684, 33.81194964813926], [-111.38538128050726, 33.81194964813926], [-111.38538128050726, 33.81185705503822], [-111.38547387270904, 33.81185705503822], [-111.38547387270904, 33.811764462836436], [-111.38556646581014, 33.811764462836436], [-111.38556646581014, 33.811671869735335], [-111.38547387270904, 33.811671869735335], [-111.38547387270904, 33.81157927753355], [-111.38538128050726, 33.81157927753355], [-111.38538128050726, 33.81139409223073], [-111.38528868650684, 33.81139409223073], [-111.38528868650684, 33.81111631472612], [-111.38519609520444, 33.81111631472612], [-111.38519609520444, 33.81074594412041], [-111.38510350210333, 33.81074594412041], [-111.38510350210333, 33.810282980413604], [-111.38519609520444, 33.810282980413604], [-111.38519609520444, 33.810005202909], [-111.38528868650684, 33.810005202909], [-111.38528868650684, 33.809912611606535], [-111.38538128050726, 33.809912611606535], [-111.38538128050726, 33.809820017606114], [-111.38547387180972, 33.809820017606114], [-111.38547387180972, 33.80954224010151], [-111.38556646581014, 33.80954224010151], [-111.38556646581014, 33.809449647899726], [-111.38565905801192, 33.809449647899726], [-111.38565905801192, 33.809357054798625], [-111.38575164931433, 33.809357054798625], [-111.38575164931433, 33.8091718694958], [-111.38584424331475, 33.8091718694958], [-111.38584424331475, 33.808986685092236], [-111.38593683461721, 33.808986685092236], [-111.38593683461721, 33.80870890668831], [-111.38602942861763, 33.80870890668831], [-111.38602942861763, 33.80861631448653], [-111.38612202081936, 33.80861631448653], [-111.38612202081936, 33.8083385360826], [-111.38621461212182, 33.8083385360826], [-111.38621461212182, 33.808153351679096], [-111.38630720612224, 33.808153351679096], [-111.38630720612224, 33.80778298107333], [-111.38639979742464, 33.80778298107333], [-111.38639979742464, 33.80639409265092], [-111.38649239142507, 33.80639409265092], [-111.38649239142507, 33.8063014986505], [-111.38686276023213, 33.8063014986505], [-111.38686276023213, 33.806208906448774], [-111.38695535423255, 33.806208906448774], [-111.38695535423255, 33.80611631334767], [-111.38704794553502, 33.80611631334767], [-111.38704794553502, 33.80602372114589], [-111.38723313173716, 33.80602372114589], [-111.38723313173716, 33.80593112894411], [-111.38732572393894, 33.80593112894411], [-111.38732572393894, 33.805838535843066], [-111.38751090924183, 33.805838535843066], [-111.38751090924183, 33.805745943641284], [-111.38769609454465, 33.805745943641284], [-111.38769609454465, 33.80565335054018], [-111.38788127984753, 33.80565335054018], [-111.38788127984753, 33.8055607583384], [-111.38806646515036, 33.8055607583384], [-111.38806646515036, 33.8054681652373], [-111.38815905735214, 33.8054681652373], [-111.38815905735214, 33.805375573035576], [-111.38834424265497, 33.805375573035576], [-111.38834424265497, 33.805282980833795], [-111.38843683665539, 33.805282980833795], [-111.38843683665539, 33.805190387732694], [-111.38852942795785, 33.805190387732694], [-111.38852942795785, 33.804820016227666], [-111.38843683665539, 33.804820016227666], [-111.38843683665539, 33.80426446211777], [-111.38834424265497, 33.80426446211777], [-111.38834424265497, 33.80417186901667], [-111.38825165045324, 33.80417186901667], [-111.38825165045324, 33.80380149931028], [-111.38815905735214, 33.80380149931028], [-111.38815905735214, 33.80333853650279], [-111.38806646515036, 33.80333853650279], [-111.38806646515036, 33.80324594250237], [-111.38797387204926, 33.80324594250237], [-111.38797387204926, 33.80315335030065], [-111.38788127984753, 33.80315335030065], [-111.38788127984753, 33.803060758098866], [-111.38769609454465, 33.803060758098866], [-111.38769609454465, 33.802968164997765], [-111.38741831704004, 33.802968164997765], [-111.38741831704004, 33.80287557279598], [-111.38723313083784, 33.80287557279598], [-111.38723313083784, 33.80278297969494], [-111.38686276023213, 33.80278297969494], [-111.38686276023213, 33.80269038749316], [-111.38677016803035, 33.80269038749316], [-111.38677016803035, 33.80232001688745], [-111.38667757672795, 33.80232001688745], [-111.38667757672795, 33.80213483158457], [-111.38658498272753, 33.80213483158457], [-111.38658498272753, 33.80194964718106], [-111.38649239052575, 33.80194964718106], [-111.38649239052575, 33.80185705407996], [-111.38639979742464, 33.80185705407996], [-111.38639979742464, 33.80176446097886], [-111.38630720522292, 33.80176446097886], [-111.38630720522292, 33.801671868777134], [-111.38612201992004, 33.801671868777134], [-111.38612201992004, 33.80157927657535], [-111.38602942771826, 33.80157927657535], [-111.38602942771826, 33.80139409127247], [-111.38593683461721, 33.80139409127247], [-111.38593683461721, 33.801116312868544], [-111.38584424241543, 33.801116312868544], [-111.38584424241543, 33.80093112846504], [-111.38575164931433, 33.80093112846504], [-111.38575164931433, 33.80083853446462], [-111.38565905711255, 33.80083853446462], [-111.38565905711255, 33.800745943162156], [-111.38538127960794, 33.800745943162156], [-111.38538127960794, 33.80083853446462], [-111.38528868560752, 33.80083853446462], [-111.38528868560752, 33.800745943162156], [-111.38491831680045, 33.800745943162156], [-111.38491831680045, 33.800653350061054], [-111.38482572280003, 33.800653350061054], [-111.38482572280003, 33.80056075785933], [-111.38473313149763, 33.80056075785933], [-111.38473313149763, 33.80046816475823], [-111.3846405374972, 33.80046816475823], [-111.3846405374972, 33.80037557165713], [-111.38445535219432, 33.80037557165713], [-111.38445535219432, 33.800282980354666], [-111.3843627599926, 33.800282980354666], [-111.3843627599926, 33.800190387253565], [-111.38417757468972, 33.800190387253565], [-111.38417757468972, 33.80009779505184], [-111.38408498248799, 33.80009779505184], [-111.38408498248799, 33.80000520195074], [-111.38399238938689, 33.80000520195074], [-111.38399238938689, 33.79991260884964], [-111.38389979718511, 33.79991260884964], [-111.38389979718511, 33.79982001664786], [-111.38380720498333, 33.79982001664786], [-111.38380720498333, 33.79963483224435], [-111.38371461188223, 33.79963483224435], [-111.38371461188223, 33.79926446073932], [-111.3836220196805, 33.79926446073932], [-111.3836220196805, 33.79870890573005], [-111.3835294265794, 33.79870890573005], [-111.3835294265794, 33.79861631262901], [-111.38343683437762, 33.79861631262901], [-111.38343683437762, 33.798431128225445], [-111.3833442403772, 33.798431128225445], [-111.3833442403772, 33.798338535124344], [-111.3832516490748, 33.798338535124344], [-111.3832516490748, 33.79824594292262], [-111.38315905597369, 33.79824594292262], [-111.38315905597369, 33.79815334982152], [-111.38306646377191, 33.79815334982152], [-111.38306646377191, 33.79806075672042], [-111.38297387157019, 33.79806075672042], [-111.38297387157019, 33.797968165417956], [-111.38251090786338, 33.797968165417956], [-111.38251090786338, 33.79787557231691], [-111.38241831476228, 33.79787557231691], [-111.38241831476228, 33.79778298011513], [-111.38232572345981, 33.79778298011513], [-111.38232572345981, 33.79769038701403], [-111.3822331294594, 33.79769038701403], [-111.3822331294594, 33.79759779391293], [-111.38214053725767, 33.79759779391293], [-111.38214053725767, 33.7975052017112], [-111.38204794505589, 33.7975052017112], [-111.38204794505589, 33.7974126086101], [-111.38195535195479, 33.7974126086101], [-111.38195535195479, 33.79732001730764], [-111.38186276065233, 33.79732001730764], [-111.38186276065233, 33.79722742420654], [-111.3817701666519, 33.79722742420654], [-111.3817701666519, 33.797042238903714], [-111.38167757445018, 33.797042238903714], [-111.38167757445018, 33.79694964580261], [-111.38158498134908, 33.79694964580261], [-111.38158498134908, 33.79685705450015], [-111.3814923891473, 33.79685705450015], [-111.3814923891473, 33.79676446049973], [-111.3813997960462, 33.79676446049973], [-111.3813997960462, 33.796671868298006], [-111.38130720384447, 33.796671868298006], [-111.38130720384447, 33.796579276096224], [-111.38121461164269, 33.796579276096224], [-111.38121461164269, 33.79648668299512], [-111.38112201854159, 33.79648668299512], [-111.38112201854159, 33.7963940907934], [-111.38102942633986, 33.7963940907934], [-111.38102942633986, 33.7963014976923], [-111.38093683233944, 33.7963014976923], [-111.38093683233944, 33.796208905490516], [-111.38084424103698, 33.796208905490516], [-111.38084424103698, 33.796023720187634], [-111.3806590557341, 33.796023720187634], [-111.3806590557341, 33.79593112798591], [-111.38047386953195, 33.79593112798591], [-111.38047386953195, 33.79574594178371], [-111.38038127822949, 33.79574594178371], [-111.38038127822949, 33.795653349581926], [-111.38028868512839, 33.795653349581926], [-111.38028868512839, 33.7955607573802], [-111.38019609202735, 33.7955607573802], [-111.38019609202735, 33.7954681642791], [-111.38001090672446, 33.7954681642791], [-111.38001090672446, 33.79537557207732], [-111.37982572142164, 33.79537557207732], [-111.37982572142164, 33.7954681642791], [-111.37954794391698, 33.7954681642791], [-111.37954794391698, 33.79537557207732], [-111.37945535171525, 33.79537557207732], [-111.37945535171525, 33.79528297897622], [-111.37936275861415, 33.79528297897622], [-111.37936275861415, 33.79519038677449], [-111.37927016641237, 33.79519038677449], [-111.37927016641237, 33.794820016168785], [-111.37917757421059, 33.794820016168785], [-111.37917757421059, 33.794727423967004], [-111.37908498110954, 33.794727423967004], [-111.37908498110954, 33.7946348308659], [-111.37899238800844, 33.7946348308659], [-111.37899238800844, 33.79454223866412], [-111.37889979580666, 33.79454223866412], [-111.37889979580666, 33.7944496464624], [-111.37880720270556, 33.7944496464624], [-111.37880720270556, 33.794357052461976], [-111.37871461050383, 33.794357052461976], [-111.37871461050383, 33.794264461159514], [-111.37862201830205, 33.794264461159514], [-111.37862201830205, 33.79398668365491], [-111.37852942520095, 33.79398668365491], [-111.37852942520095, 33.793801498352025], [-111.37843683299917, 33.793801498352025], [-111.37843683299917, 33.79324594154417], [-111.37862201830205, 33.79324594154417], [-111.37862201830205, 33.79315334934239], [-111.37871460960446, 33.79315334934239], [-111.37871460960446, 33.79306075624129], [-111.37880720270556, 33.79306075624129], [-111.37880720270556, 33.7928755727371], [-111.37889979580666, 33.7928755727371], [-111.37889979580666, 33.79278297873668], [-111.37899238800844, 33.79278297873668], [-111.37899238800844, 33.7925977934338], [-111.37917757241195, 33.7925977934338], [-111.37917757241195, 33.792505201232075], [-111.37927016641237, 33.792505201232075], [-111.37927016641237, 33.79241260903029], [-111.37936275861415, 33.79241260903029], [-111.37936275861415, 33.791579275617096], [-111.37945535081587, 33.791579275617096], [-111.37945535081587, 33.791486682515995], [-111.37954794391698, 33.791486682515995], [-111.37954794391698, 33.79130149631385], [-111.37964053611876, 33.79130149631385], [-111.37964053611876, 33.79111631280966], [-111.37973312921986, 33.79111631280966], [-111.37973312921986, 33.79102371880924], [-111.37982572142164, 33.79102371880924], [-111.37982572142164, 33.79093112750678], [-111.37991831452268, 33.79093112750678], [-111.37991831452268, 33.79083853350636], [-111.38019609202735, 33.79083853350636], [-111.38019609202735, 33.790745942203955], [-111.38028868512839, 33.790745942203955], [-111.38028868512839, 33.79065334820348], [-111.38038127733017, 33.79065334820348], [-111.38038127733017, 33.79056075600175], [-111.38047386953195, 33.79056075600175], [-111.38047386953195, 33.79046816469929], [-111.38056646263306, 33.79046816469929], [-111.38056646263306, 33.79037557069887], [-111.38065905483478, 33.79037557069887], [-111.38065905483478, 33.790282979396466], [-111.38084424013766, 33.790282979396466], [-111.38084424013766, 33.790190385396045], [-111.38093683233944, 33.790190385396045], [-111.38093683233944, 33.79009779319426], [-111.38102942633986, 33.79009779319426], [-111.38102942633986, 33.78991260789144], [-111.38121461164269, 33.78991260789144], [-111.38121461164269, 33.789820016588976], [-111.38130720294515, 33.789820016588976], [-111.38130720294515, 33.789727422588555], [-111.3813997960462, 33.789727422588555], [-111.3813997960462, 33.789634830386774], [-111.3814923891473, 33.789634830386774], [-111.3814923891473, 33.78935705198285], [-111.38158498044976, 33.78935705198285], [-111.38158498044976, 33.789264459781066], [-111.38177016575258, 33.789264459781066], [-111.38177016575258, 33.78917186757934], [-111.381862759753, 33.78917186757934], [-111.381862759753, 33.78907927447824], [-111.38195535195479, 33.78907927447824], [-111.38195535195479, 33.78898668227646], [-111.38204794325725, 33.78898668227646], [-111.38204794325725, 33.78889408827604], [-111.38214053725767, 33.78889408827604], [-111.38214053725767, 33.78880149697363], [-111.38223312856007, 33.78880149697363], [-111.38223312856007, 33.78861631167075], [-111.3823257225605, 33.78861631167075], [-111.3823257225605, 33.78852371946897], [-111.38241831476228, 33.78852371946897], [-111.38241831476228, 33.788338534166144], [-111.382510906964, 33.788338534166144], [-111.382510906964, 33.78824594106504], [-111.3826035000651, 33.78824594106504], [-111.3826035000651, 33.78815334886326], [-111.38269609136756, 33.78815334886326], [-111.38269609136756, 33.78806075576216], [-111.38278868536798, 33.78806075576216], [-111.38278868536798, 33.787505199853626], [-111.38269609136756, 33.787505199853626], [-111.38269609136756, 33.787412608551165], [-111.3826035000651, 33.787412608551165], [-111.3826035000651, 33.787320014550744], [-111.382510906964, 33.787320014550744], [-111.382510906964, 33.78722742324834], [-111.38214053725767, 33.78722742324834], [-111.38214053725767, 33.78713483014724], [-111.38204794325725, 33.78713483014724], [-111.38204794325725, 33.78704223704614], [-111.38195535105547, 33.78704223704614], [-111.38195535105547, 33.78685705174331], [-111.381862759753, 33.78685705174331], [-111.381862759753, 33.78676446044085], [-111.38195535105547, 33.78676446044085], [-111.38195535105547, 33.78593112612833], [-111.381862759753, 33.78593112612833], [-111.381862759753, 33.78583853302723], [-111.38177016575258, 33.78583853302723], [-111.38177016575258, 33.78574594082551], [-111.38167757355086, 33.78574594082551], [-111.38167757355086, 33.785653347724406], [-111.38149238824798, 33.785653347724406], [-111.38149238824798, 33.785560756421944], [-111.3813997960462, 33.785560756421944], [-111.3813997960462, 33.78546816332084], [-111.38130720294515, 33.78546816332084], [-111.38130720294515, 33.78528297801802], [-111.3813997960462, 33.78528297801802], [-111.3813997960462, 33.785190384916916], [-111.38149238824798, 33.785190384916916], [-111.38149238824798, 33.785097792715135], [-111.38158498044976, 33.785097792715135], [-111.38158498044976, 33.785005199614034], [-111.38167757355086, 33.785005199614034], [-111.38167757355086, 33.78491260651299], [-111.381862759753, 33.78491260651299], [-111.381862759753, 33.78472742210943], [-111.38195535105547, 33.78472742210943], [-111.38195535105547, 33.7846348299077], [-111.38204794325725, 33.7846348299077], [-111.38204794325725, 33.7845422368066], [-111.38214053635829, 33.7845422368066], [-111.38214053635829, 33.7844496437055], [-111.3823257225605, 33.7844496437055], [-111.3823257225605, 33.78435705240304], [-111.38241831386296, 33.78435705240304], [-111.38241831386296, 33.78426445930194], [-111.382510906964, 33.78426445930194], [-111.382510906964, 33.78417186710021], [-111.38260349916578, 33.78417186710021], [-111.38260349916578, 33.78407927399911], [-111.38278868536798, 33.78407927399911], [-111.38278868536798, 33.78398668089801], [-111.38288127667039, 33.78398668089801], [-111.38288127667039, 33.78389408869623], [-111.38297387067081, 33.78389408869623], [-111.38297387067081, 33.783801495595185], [-111.38306646197327, 33.783801495595185], [-111.38306646197327, 33.7837089033934], [-111.38315905417505, 33.7837089033934], [-111.38315905417505, 33.78361631119162], [-111.38325164817547, 33.78361631119162], [-111.38325164817547, 33.78352371809052], [-111.3834368334783, 33.78352371809052], [-111.3834368334783, 33.78361631119162], [-111.38362201878118, 33.78361631119162], [-111.38362201878118, 33.7837089033934], [-111.3837146109829, 33.7837089033934], [-111.3837146109829, 33.783801495595185], [-111.38427016599218, 33.783801495595185], [-111.38427016599218, 33.7837089033934], [-111.38436275909328, 33.7837089033934], [-111.38436275909328, 33.78361631119162], [-111.384455351295, 33.78361631119162], [-111.384455351295, 33.78352371809052], [-111.38473312969899, 33.78352371809052], [-111.38473312969899, 33.7834311258888], [-111.38538127870862, 33.7834311258888], [-111.38538127870862, 33.78352371809052], [-111.38565905621323, 33.78352371809052], [-111.38565905621323, 33.7834311258888], [-111.38556646311213, 33.7834311258888], [-111.38556646311213, 33.78296816218199], [-111.38565905621323, 33.78296816218199], [-111.38565905621323, 33.782875569980206], [-111.38575164751569, 33.782875569980206], [-111.38575164751569, 33.78259779157628], [-111.38584424151611, 33.78259779157628], [-111.38584424151611, 33.78194964346591], [-111.38593683281852, 33.78194964346591], [-111.38593683281852, 33.7817644590624], [-111.38602942591962, 33.7817644590624], [-111.38602942591962, 33.7816718659613], [-111.3861220181214, 33.7816718659613], [-111.3861220181214, 33.7815792728602], [-111.38621461032318, 33.7815792728602], [-111.38621461032318, 33.781486680658475], [-111.3863072043236, 33.781486680658475], [-111.3863072043236, 33.78139408845669], [-111.386399795626, 33.78139408845669], [-111.386399795626, 33.78130149535559], [-111.38658498182821, 33.78130149535559], [-111.38658498182821, 33.78111631005277], [-111.38667757402993, 33.78111631005277], [-111.38667757402993, 33.78083853164878], [-111.38677016713103, 33.78083853164878], [-111.38677016713103, 33.78065334724528], [-111.3868627584335, 33.78065334724528], [-111.3868627584335, 33.780560755043496], [-111.38723312993852, 33.780560755043496], [-111.38723312993852, 33.78037556884135], [-111.3873257221403, 33.78037556884135], [-111.3873257221403, 33.78028297753889], [-111.3874183152414, 33.78028297753889], [-111.3874183152414, 33.78009779223606], [-111.38751090744313, 33.78009779223606], [-111.38751090744313, 33.78000519913496], [-111.38760350054423, 33.78000519913496], [-111.38760350054423, 33.77991260603386], [-111.38778868494774, 33.77991260603386], [-111.38778868494774, 33.77982001383208], [-111.38788127804884, 33.77982001383208], [-111.38788127804884, 33.77972742073098], [-111.38797387114994, 33.77972742073098], [-111.38797387114994, 33.77963482942857], [-111.38806646335172, 33.77963482942857], [-111.38806646335172, 33.77954223542815], [-111.38815905555344, 33.77954223542815], [-111.38815905555344, 33.77944964322637], [-111.38825164775523, 33.77944964322637], [-111.38825164775523, 33.77889408731784], [-111.38815905555344, 33.77889408731784], [-111.38815905555344, 33.778616309813174], [-111.38825164775523, 33.778616309813174], [-111.38825164775523, 33.77852371761145], [-111.38852942615921, 33.77852371761145], [-111.38852942615921, 33.77833853230857], [-111.38862201926025, 33.77833853230857], [-111.38862201926025, 33.778245938308146], [-111.38871461146204, 33.778245938308146], [-111.38871461146204, 33.77796816170286], [-111.38880720366382, 33.77796816170286], [-111.38880720366382, 33.77787556950108], [-111.38889979676492, 33.77787556950108], [-111.38889979676492, 33.77769038419825], [-111.38899238896664, 33.77769038419825], [-111.38899238896664, 33.77750519889537], [-111.38908498206774, 33.77750519889537], [-111.38908498206774, 33.777412606693645], [-111.38917757426952, 33.777412606693645], [-111.38917757426952, 33.77722742139076], [-111.38927016737063, 33.77722742139076], [-111.38927016737063, 33.77704223608794], [-111.38936276047173, 33.77704223608794], [-111.38936276047173, 33.77667186458285], [-111.38945535177413, 33.77667186458285], [-111.38945535177413, 33.77620890177542], [-111.38936275867303, 33.77620890177542], [-111.38936275867303, 33.77611630957364], [-111.38927016737063, 33.77611630957364], [-111.38927016737063, 33.775931124270755], [-111.38908498206774, 33.775931124270755], [-111.38908498206774, 33.77583853116971], [-111.38899238896664, 33.77583853116971], [-111.38899238896664, 33.77574593896793], [-111.38880720366382, 33.77574593896793], [-111.38880720366382, 33.77565334676615], [-111.38862201926025, 33.77565334676615], [-111.38862201926025, 33.77556075366505], [-111.38852942615921, 33.77556075366505], [-111.38852942615921, 33.77546816146332], [-111.38843683305811, 33.77546816146332], [-111.38843683305811, 33.77537556836222], [-111.38834424085633, 33.77537556836222], [-111.38834424085633, 33.77519038216002], [-111.38825164775523, 33.77519038216002], [-111.38825164775523, 33.775097790857615], [-111.38815905465412, 33.775097790857615], [-111.38815905465412, 33.77491260555473], [-111.38788127804884, 33.77491260555473], [-111.38788127804884, 33.77482001335295], [-111.38760350054423, 33.77482001335295], [-111.38760350054423, 33.77472741935253], [-111.3874183152414, 33.77472741935253], [-111.3874183152414, 33.774634828050125], [-111.3873257221403, 33.774634828050125], [-111.3873257221403, 33.774542234949024], [-111.38714053683742, 33.774542234949024], [-111.38714053683742, 33.77444964274724], [-111.38704794373632, 33.77444964274724], [-111.38704794373632, 33.77389408773803], [-111.3869553515346, 33.77389408773803], [-111.3869553515346, 33.773616308434725], [-111.3868627584335, 33.773616308434725], [-111.3868627584335, 33.77343112403122], [-111.38677016623171, 33.77343112403122], [-111.38677016623171, 33.77306075432483], [-111.38667757402993, 33.77306075432483], [-111.38667757402993, 33.77296816032441], [-111.38677016623171, 33.77296816032441], [-111.38677016623171, 33.77287556812263], [-111.3869553515346, 33.77287556812263], [-111.3869553515346, 33.772782975920904], [-111.38714053683742, 33.772782975920904], [-111.38714053683742, 33.7726903828198], [-111.3873257221403, 33.7726903828198], [-111.3873257221403, 33.77259779151734], [-111.38751090654381, 33.77259779151734], [-111.38751090654381, 33.77250519751692], [-111.38760350054423, 33.77250519751692], [-111.38760350054423, 33.772412605315196], [-111.38769609184669, 33.772412605315196], [-111.38769609184669, 33.772320013113415], [-111.38778868494774, 33.772320013113415], [-111.38778868494774, 33.772227420012314], [-111.38788127714952, 33.772227420012314], [-111.38788127714952, 33.77213482691121], [-111.38797387025062, 33.77213482691121], [-111.38797387025062, 33.77204223470949], [-111.38825164775523, 33.77204223470949], [-111.38825164775523, 33.77194964250771], [-111.38843683305811, 33.77194964250771], [-111.38843683305811, 33.771857050305925], [-111.38852942615921, 33.771857050305925], [-111.38852942615921, 33.771764457204824], [-111.38871461146204, 33.771764457204824], [-111.38871461146204, 33.77167186410378], [-111.3888072027645, 33.77167186410378], [-111.3888072027645, 33.771579271902], [-111.38889979586554, 33.771579271902], [-111.38889979586554, 33.771394086599116], [-111.38899238896664, 33.771394086599116], [-111.38899238896664, 33.77130149439739], [-111.38908498116842, 33.77130149439739], [-111.38908498116842, 33.77111630909451], [-111.38917757426952, 33.77111630909451], [-111.38917757426952, 33.770931123791684], [-111.3892701664713, 33.770931123791684], [-111.3892701664713, 33.77028297478199], [-111.38917757426952, 33.77028297478199], [-111.38917757426952, 33.770005197277385], [-111.38908498116842, 33.770005197277385], [-111.38908498116842, 33.769542234469895], [-111.38899238896664, 33.769542234469895], [-111.38899238896664, 33.76944964226817], [-111.38889979586554, 33.76944964226817], [-111.38889979586554, 33.76935704916707], [-111.3888072027645, 33.76935704916707], [-111.3888072027645, 33.76926445696529], [-111.38871461146204, 33.76926445696529], [-111.38871461146204, 33.769079270763086], [-111.38862201836093, 33.769079270763086], [-111.38862201836093, 33.7687089010567], [-111.38871461146204, 33.7687089010567], [-111.38871461146204, 33.76843112265277], [-111.3888072027645, 33.76843112265277], [-111.3888072027645, 33.768338531350366], [-111.38871461146204, 33.768338531350366], [-111.38871461146204, 33.768245938249265], [-111.38862201836093, 33.768245938249265], [-111.38862201836093, 33.768153345148164], [-111.38852942525983, 33.768153345148164], [-111.38852942525983, 33.76806075294638], [-111.38843683305811, 33.76806075294638], [-111.38843683305811, 33.76657927142287], [-111.38834423995701, 33.76657927142287], [-111.38834423995701, 33.76630149301894], [-111.3882516468559, 33.76630149301894], [-111.3882516468559, 33.76620890081716], [-111.38815905465412, 33.76620890081716], [-111.38815905465412, 33.76611630771606], [-111.3880664624524, 33.76611630771606], [-111.3880664624524, 33.76602371461496], [-111.38797387025062, 33.76602371461496], [-111.38797387025062, 33.765931123312555], [-111.38788127714952, 33.765931123312555], [-111.38788127714952, 33.765838530211454], [-111.38778868404842, 33.765838530211454], [-111.38778868404842, 33.765468160505065], [-111.38769609184669, 33.765468160505065], [-111.38769609184669, 33.76528297520224], [-111.38760349874559, 33.76528297520224], [-111.38760349874559, 33.76509778900004], [-111.38751090564449, 33.76509778900004], [-111.38751090564449, 33.765005197697576], [-111.38741831434203, 33.765005197697576], [-111.38741831434203, 33.76454223399077], [-111.38732572124098, 33.76454223399077], [-111.38732572124098, 33.76417186338506], [-111.38723312813988, 33.76417186338506], [-111.38723312813988, 33.76398667808223], [-111.3871405359381, 33.76398667808223], [-111.3871405359381, 33.76343112217364], [-111.387047942837, 33.76343112217364], [-111.387047942837, 33.76324593687082], [-111.38686275753417, 33.76324593687082], [-111.38686275753417, 33.763153344669036], [-111.3867701653324, 33.763153344669036], [-111.3867701653324, 33.763060752467254], [-111.38667757313061, 33.763060752467254], [-111.38667757313061, 33.763153344669036], [-111.3863072025249, 33.763153344669036], [-111.3863072025249, 33.763060752467254], [-111.3862146094238, 33.763060752467254], [-111.3862146094238, 33.76296815936621], [-111.38612201722208, 33.76296815936621], [-111.38612201722208, 33.76287556716443], [-111.38565905441459, 33.76287556716443], [-111.38565905441459, 33.76278297406333], [-111.38556646131349, 33.76278297406333], [-111.38556646131349, 33.762690381861546], [-111.38473312790029, 33.762690381861546], [-111.38473312790029, 33.76287556716443], [-111.38362201698249, 33.76287556716443], [-111.38362201698249, 33.76278297586197], [-111.38325164637678, 33.76278297586197], [-111.38325164637678, 33.762690381861546], [-111.38315905237636, 33.762690381861546], [-111.38315905237636, 33.76259778965982], [-111.38306646107395, 33.76259778965982], [-111.38306646107395, 33.76250519655872], [-111.38297386797285, 33.76250519655872], [-111.38297386797285, 33.76241260435694], [-111.38288127577107, 33.76241260435694], [-111.38288127577107, 33.76213482595301], [-111.38278868356929, 33.76213482595301], [-111.38278868356929, 33.76204223375123], [-111.38269608956887, 33.76204223375123], [-111.38269608956887, 33.76194964154945], [-111.38260349826646, 33.76194964154945], [-111.38260349826646, 33.761857048448405], [-111.38251090426604, 33.761857048448405], [-111.38251090426604, 33.7616718622462], [-111.38241831296358, 33.7616718622462], [-111.38241831296358, 33.76148667874202], [-111.38232572076186, 33.76148667874202], [-111.38232572076186, 33.761394085640916], [-111.38195534925683, 33.761394085640916], [-111.38195534925683, 33.760745936631224], [-111.38204794145855, 33.760745936631224], [-111.38204794145855, 33.7605607513284], [-111.38214053545897, 33.7605607513284], [-111.38214053545897, 33.76046815912662], [-111.38223312676143, 33.76046815912662], [-111.38223312676143, 33.760375566924836], [-111.38204794145855, 33.760375566924836], [-111.38204794145855, 33.76028297382379], [-111.38195534925683, 33.76028297382379], [-111.38195534925683, 33.76019038252133], [-111.38186275705505, 33.76019038252133], [-111.38186275705505, 33.76009778852091]], [[-111.38232572076186, 33.760375566924836], [-111.38232572076186, 33.76028297382379], [-111.38223312676143, 33.76028297382379], [-111.38223312676143, 33.760375566924836], [-111.38232572076186, 33.760375566924836]], [[-111.38241831206426, 33.76028297382379], [-111.38241831206426, 33.76019038252133], [-111.38232572076186, 33.76019038252133], [-111.38232572076186, 33.76028297382379], [-111.38241831206426, 33.76028297382379]]], [[[-119.09620167842212, 37.04277985382657], [-118.97151406451275, 37.0426499772488], [-118.97151561045905, 36.951491012512065], [-119.0962033205966, 36.951491012512065], [-119.09620167842212, 37.04277985382657]]], [[[-109.3311608844532, 38.203285260997234], [-109.44537911608671, 38.203285260997234], [-109.44537911608671, 38.293374392212286], [-109.3311608844532, 38.293374392212286], [-109.3311608844532, 38.203285260997234]]], [[[-102.44003529242741, 39.67563823861974], [-102.5958793957671, 39.67563823861974], [-102.5958793957671, 39.80220892306113], [-102.44003529242741, 39.80220892306113], [-102.44003529242741, 39.67563823861974]]], [[[-105.89158608216553, 39.871968413257605], [-105.94301783379541, 39.871968413257605], [-105.94301783379541, 39.90858266695432], [-105.89158608216553, 39.90858266695432], [-105.89158608216553, 39.871968413257605]]], [[[-105.60620665139112, 40.07295974374222], [-105.48907581013356, 40.07292430748697], [-105.48912180001292, 39.98286247719818], [-105.60625278516312, 39.982897848701725], [-105.6062315654986, 40.02432297671561], [-105.64739520015559, 40.024100318177716], [-105.64788824641289, 40.07275939845272], [-105.60620665139112, 40.07295974374222]]], [[[-112.41107707974936, 40.14094241731311], [-112.56883534521853, 40.14094241731311], [-112.56883534521853, 40.24052286030292], [-112.41107707974936, 40.24052286030292], [-112.41107707974936, 40.14094241731311]]], [[[-105.45156655604347, 40.29404897798264], [-105.45161356845983, 40.1436558471778], [-105.56962746792271, 40.143715776654574], [-105.56958030711712, 40.294109016278185], [-105.45156655604347, 40.29404897798264]]], [[[-102.98366659220193, 40.43496868376445], [-103.10154753758366, 40.43496868376445], [-103.10154753758366, 40.52499922100617], [-102.98366659220193, 40.52499922100617], [-102.98366659220193, 40.43496868376445]]], [[[-111.80479726960942, 40.77288091179793], [-111.80479726960942, 40.824530288422125], [-111.74145731024754, 40.824530288422125], [-111.74145723650258, 40.80224412508585], [-111.79036917747669, 40.77288397041542], [-111.80479726960942, 40.77288091179793]]], [[[-104.6745697981338, 40.871782330918904], [-104.67458558585201, 40.781733317865076], [-104.79311012963939, 40.78174527264366], [-104.79309440487424, 40.87179430818071], [-104.6745697981338, 40.871782330918904]]], [[[-110.56629910913102, 44.855651111547786], [-110.58216248246492, 44.85592317291815], [-110.6024047779664, 44.87239032507358], [-110.60225622322747, 44.89395349275554], [-110.61430934971185, 44.89395223189649], [-110.61431490036955, 44.920761552662725], [-110.6635056000161, 44.92091939746882], [-110.66334516334422, 44.948385341620565], [-110.61432784710786, 44.98329242901423], [-110.61432798020854, 44.983936523849366], [-110.48765732367269, 44.98394979974205], [-110.4876572742096, 44.98371514325777], [-110.48763155430345, 44.98371512796916], [-110.37641852629429, 44.94760491752305], [-110.37643639236148, 44.89054285639105], [-110.42435819563985, 44.8907944625264], [-110.45644297771867, 44.91884407650633], [-110.4876438013639, 44.91898782972845], [-110.48763867878671, 44.89437837618033], [-110.48753329812854, 44.893650459398486], [-110.56629910913102, 44.855651111547786]]], [[[-100.84814798928141, 46.74096073324978], [-100.97908420848091, 46.740962134404185], [-100.9790822263601, 46.83091721705489], [-100.84814588395255, 46.8309158123032], [-100.84814798928141, 46.74096073324978]]], [[[-99.07991772495751, 47.17843260639381], [-99.03295280399226, 47.17840977872925], [-99.03295280399226, 47.107338209989905], [-99.18734575657362, 47.10734086301005], [-99.18734180312396, 47.08942452872725], [-99.31913079742804, 47.08941083104935], [-99.31915091091804, 47.17936030638458], [-99.26214906255143, 47.17938484457261], [-99.2624097168345, 47.23226555979301], [-99.17398877860683, 47.23243393753876], [-99.17398877860683, 47.232435007740094], [-99.1732674080398, 47.232435030223314], [-99.1706567121085, 47.23243894769985], [-99.17065670041717, 47.232435076089075], [-99.16594226203335, 47.232435007740094], [-99.16594226203335, 47.215516520200026], [-99.07994513380328, 47.21552883111286], [-99.07991772495751, 47.17843260639381]]], [[[-84.41031081073606, 31.2614256967139], [-84.35955504324346, 31.261533927345226], [-84.35946850262565, 31.228677277383724], [-84.39274052021318, 31.164465794608475], [-84.41843687477927, 31.16440535409248], [-84.41839476547085, 31.158718487817225], [-84.52356353189543, 31.158628692528225], [-84.52388691886335, 31.327096707495798], [-84.4196423063758, 31.327199010650588], [-84.41963711312017, 31.326497660962907], [-84.41035689954163, 31.32650266930517], [-84.41031081073606, 31.2614256967139]]], [[[-84.56747302171931, 31.248812727220297], [-84.56765712243157, 31.32632696832451], [-84.5238856148365, 31.32639524357313], [-84.52373928773517, 31.248882803824642], [-84.52495068551247, 31.24888106272391], [-84.56747302171931, 31.248812727220297]]], [[[-88.13970819873111, 31.787363328837387], [-88.24532363392285, 31.787337946179548], [-88.24535336753377, 31.87752160225415], [-88.1397380177782, 31.87754705146233], [-88.13970819873111, 31.787363328837387]]], [[[-87.75077715760654, 32.59956706704139], [-87.75071636747202, 32.50212193834318], [-87.85716182115078, 32.50217662203471], [-87.85723123315108, 32.599621640115515], [-87.75077715760654, 32.59956706704139]]], [[[-87.47096009203858, 32.983876383393294], [-87.36402576408915, 32.98403979054842], [-87.36450977209137, 32.87339330374988], [-87.4709363308707, 32.87323201361494], [-87.47096009203858, 32.983876383393294]]], [[[-97.7759015061543, 33.36043762545489], [-97.79374312869186, 33.321971061870556], [-97.80100567241612, 33.32233191308029], [-97.88605252300425, 33.3835557399359], [-97.88599848682952, 33.41493319986387], [-97.85551515764394, 33.41465570025184], [-97.77542111885009, 33.394715776201394], [-97.7759015061543, 33.36043762545489]]], [[[-97.54810034858133, 33.31799580526189], [-97.66885320176141, 33.31792551911394], [-97.66887196985545, 33.42156296410877], [-97.54810063996388, 33.42163286534395], [-97.54810034858133, 33.31799580526189]]], [[[-96.67881164873518, 34.48791706511969], [-96.63292263805664, 34.48786544813959], [-96.6329645404864, 34.46588483628119], [-96.617971383841, 34.46586439543546], [-96.61801847180095, 34.44309644543932], [-96.63447413682883, 34.44311859770784], [-96.63447410984895, 34.4431328439764], [-96.67887203956764, 34.4431815489296], [-96.67881164873518, 34.48791706511969]]], [[[-99.02269796111341, 35.43176972176133], [-99.02266585867028, 35.29589648118366], [-99.17812624266594, 35.295848164740505], [-99.17824575717657, 35.43172110943897], [-99.02269796111341, 35.43176972176133]]], [[[-96.43363919153956, 38.93406749075035], [-96.52078694989564, 38.93406749075035], [-96.52078694989564, 38.983738738680984], [-96.43363919153956, 38.983738738680984], [-96.43363919153956, 38.93406749075035]]], [[[-95.24989130799474, 39.08546827547923], [-95.13440869282522, 39.08546827547923], [-95.13440869282522, 38.99539137513665], [-95.21626075496931, 38.99540318242532], [-95.21626076666058, 38.95994982469358], [-95.24989237190078, 38.95994982469358], [-95.24989237190078, 38.996424837101074], [-95.24989127651827, 38.996424837101074], [-95.24989130799474, 39.08546827547923]]], [[[-96.52606286446996, 39.195812102142156], [-96.52606286536934, 39.19581210214225], [-96.52606286536934, 39.195812102142156], [-96.526125428081, 39.19581210843745], [-96.52620170285991, 39.14188625706464], [-96.48886407309277, 39.14187904624583], [-96.48888472707944, 39.05180370803754], [-96.54667545911884, 39.05181175082326], [-96.60445846764532, 39.0518197916349], [-96.60445846764512, 39.05181979253409], [-96.60445846854464, 39.05181979253422], [-96.60445625349769, 39.0614898027527], [-96.60446304370868, 39.06148980369861], [-96.65432104059693, 39.06149674826952], [-96.65430034614047, 39.1515719821557], [-96.6191195201281, 39.1515792226524], [-96.61911951962782, 39.15158414269129], [-96.61911459989989, 39.19997616744951], [-96.61915927675915, 39.199976159355685], [-96.61915927675915, 39.23983213027526], [-96.61915927675915, 39.23983213117458], [-96.61910927137637, 39.239832140167834], [-96.61910927047705, 39.239839077590716], [-96.59359918313959, 39.23983399548331], [-96.57662641121004, 39.23983213117458], [-96.57662641121004, 39.23983213027526], [-96.57662641121004, 39.199976159355685], [-96.57684360272776, 39.19997619892621], [-96.57687752631182, 39.15157386984697], [-96.54812093912062, 39.15156145820936], [-96.54807194638215, 39.195812102142156], [-96.54807287988552, 39.195812102142156], [-96.54807287988552, 39.21217089686081], [-96.52606286536934, 39.21217089686081], [-96.52606286446996, 39.21217089686081], [-96.52606286446996, 39.195812102142156]]], [[[-89.39182260109692, 45.55025288697533], [-89.39191932481549, 45.447514313984584], [-89.48554097573793, 45.44779853428116], [-89.61359658972975, 45.44784315268407], [-89.61354079716574, 45.5502976915393], [-89.48548510673095, 45.55025300388809], [-89.39182260109692, 45.55025288697533]]], [[[-90.0431426056565, 45.779866740798184], [-90.12423463688435, 45.779866740798184], [-90.12423463688435, 45.83740210791888], [-90.0431426056565, 45.83740210791888], [-90.0431426056565, 45.779866740798184]]], [[[-89.68584786299795, 45.98760019317916], [-89.7163787253113, 45.987602676226174], [-89.7163820627207, 46.015565976219136], [-89.68583579940054, 46.01556383131981], [-89.68584786299795, 45.98760019317916]]], [[[-89.5810718532731, 46.26625006837941], [-89.43576308898804, 46.26654363360217], [-89.43503873804514, 46.148528787146006], [-89.58007872800681, 46.149146816732696], [-89.5810718532731, 46.26625006837941]]], [[[-66.79838893475699, 18.03572294754258], [-66.79832347800499, 17.93711476179209], [-66.90811382800769, 17.937198532477055], [-66.9081844496053, 18.035807577985906], [-66.79838893475699, 18.03572294754258]]], [[[-67.10695971955636, 18.12494071002891], [-67.04907678611187, 18.101919249118794], [-67.06018447244429, 18.07672952970222], [-66.97318970971304, 18.042083210806425], [-66.97319375399496, 18.042074046645325], [-66.94349751473237, 18.030203153866466], [-66.96207779653503, 17.988050141446593], [-66.99182639652264, 17.99994144809125], [-66.99181815777092, 17.99996012175575], [-67.07896645482498, 18.034666001403536], [-67.06753060518912, 18.060548366823298], [-67.12524119574687, 18.08350027363906], [-67.10695971955636, 18.12494071002891]]], [[[-66.97005776547064, 18.096263893307878], [-66.99719116478866, 18.096263892408558], [-66.99719116568798, 18.14529291610802], [-66.97005776547064, 18.14529291700734], [-66.97005776547064, 18.096263893307878]]], [[[-66.76779535864466, 18.182370228840398], [-66.76779535774534, 18.132646478090805], [-66.80276590897824, 18.132646478090805], [-66.80276590987756, 18.182370228840398], [-66.76779535864466, 18.182370228840398]]], [[[-81.43793826207661, 28.044128617839817], [-81.43800237882863, 28.05995169584469], [-81.49345287771166, 28.05977718377676], [-81.49345794093318, 28.150012603422056], [-81.39171319198721, 28.1500171324422], [-81.39163341612107, 28.128979588306265], [-81.37018810188931, 28.129039177836773], [-81.36996489835809, 28.098247691817505], [-81.3700064446536, 28.098247578502082], [-81.36990777748537, 28.027609619375426], [-81.41364628960372, 28.027484913039302], [-81.43793826207661, 28.044128617839817]]], [[[-81.93638888147115, 29.643893405102233], [-81.93627436992699, 29.679249219826772], [-81.91477221721175, 29.679399412243583], [-81.91490643305127, 29.644232158003092], [-81.93616276141643, 29.64388622665922], [-81.93638888147115, 29.643893405102233]]], [[[-82.03987693894851, 29.612689059685124], [-82.03976060837711, 29.655393343395353], [-82.08261687406906, 29.65581024279402], [-82.08263058163959, 29.720411496497206], [-82.03958303334282, 29.720580117198324], [-82.03954541845036, 29.734388327889633], [-81.97820137201029, 29.73446082099065], [-81.97865217858953, 29.757571929699793], [-81.95170655733943, 29.75737340645054], [-81.95194098359553, 29.734257185056833], [-81.93609638914762, 29.734370197419764], [-81.93638891024966, 29.64388462945118], [-81.97189791665278, 29.644024241263878], [-81.97250454454814, 29.613002414639595], [-82.03987693894851, 29.612689059685124]]], [[[-83.64680992404215, 35.66353680720471], [-83.64682059457914, 35.66947938167465], [-83.65057484381765, 35.66947938167465], [-83.65057484381765, 35.7010283966772], [-83.53411765024106, 35.70105742701293], [-83.53407896471066, 35.71819112664792], [-83.44403762742866, 35.71817695772165], [-83.44231488385037, 35.718176642956564], [-83.44231071725972, 35.748174234730584], [-83.4130433463481, 35.748174234730584], [-83.4130408030461, 35.740736526924934], [-83.41237417282827, 35.74073653501887], [-83.39306187870017, 35.727431982528856], [-83.39305587388134, 35.727472924475364], [-83.36131091130744, 35.7274609705961], [-83.34650469365624, 35.71990822154163], [-83.3383289723036, 35.720925661962326], [-83.33840011461263, 35.70894995330383], [-83.33832899928348, 35.720921070888494], [-83.32873686554854, 35.72243790502961], [-83.31187653221014, 35.72356947118243], [-83.30282400658507, 35.722551060385854], [-83.29841089912878, 35.72164580944212], [-83.28551104642577, 35.71293275078506], [-83.27668483331183, 35.71417747409271], [-83.27362960631808, 35.71327222135034], [-83.26186131976789, 35.715422196501095], [-83.25405351565183, 35.715422196501095], [-83.25159412011044, 35.70899540448528], [-83.25393595808083, 35.70633899117115], [-83.25393595808083, 35.695608477068674], [-83.25931869223956, 35.690190790493716], [-83.26987444066339, 35.68498282201364], [-83.27368429810355, 35.67865636272313], [-83.28947152796059, 35.67208322202208], [-83.29309253893007, 35.659749153294854], [-83.30169244043225, 35.655109734226755], [-83.31266862959626, 35.653865010919105], [-83.32149484360957, 35.661785972190046], [-83.33864522399631, 35.66336422779449], [-83.33840015058581, 35.66345625162046], [-83.35269773750991, 35.65808759285778], [-83.35658815593024, 35.648022472395894], [-83.36763480301408, 35.63760043438873], [-83.37352396814151, 35.637671818617264], [-83.37741438746122, 35.63438816119293], [-83.38783642726702, 35.633031868945125], [-83.39311716314336, 35.62321037307498], [-83.39311716314336, 35.60904107181591], [-83.42330955674379, 35.60904107181591], [-83.42339400192537, 35.608618846807246], [-83.44444494606137, 35.608618846807246], [-83.46117138462068, 35.58932404822286], [-83.46117152671462, 35.58932447900139], [-83.49372186796336, 35.554789360320854], [-83.50875896761562, 35.554789360320854], [-83.50875896761562, 35.562169040730225], [-83.58543377875628, 35.56214366346836], [-83.60904596383011, 35.58008479854328], [-83.61365346931416, 35.6280570595668], [-83.61437846507584, 35.6280570595668], [-83.63326246282617, 35.63574470165548], [-83.63725162845503, 35.654999301139014], [-83.64680992404215, 35.66353680720471]]], [[[-84.4317811532901, 35.919091323642135], [-84.43178210657868, 35.91909071929314], [-84.43483985259257, 35.92006996521707], [-84.43838366427315, 35.92120474557123], [-84.43838366427315, 35.937073451025924], [-84.35371970204915, 35.988235937298896], [-84.34682896695745, 35.99264420096995], [-84.27872294683561, 35.9846714689337], [-84.2787239136141, 35.96865410801519], [-84.20933872948649, 35.999415908088], [-84.19407522199424, 35.991445190548404], [-84.19407522199424, 35.982960561422544], [-84.23164637509126, 35.89527125960092], [-84.27872065714428, 35.87434439586815], [-84.29213980931274, 35.87431922545193], [-84.37755736505693, 35.90172555489204], [-84.38290599486646, 35.90343906146359], [-84.38290599486646, 35.903439918523986], [-84.4317811532901, 35.919091323642135]]], [[[-80.46831252915666, 37.43481576040148], [-80.46834205502256, 37.32891040226883], [-80.5958070761526, 37.328881625543886], [-80.59580432060898, 37.43478715814632], [-80.46831252915666, 37.43481576040148]]], [[[-78.09186659625448, 38.82917960631363], [-78.20710995487258, 38.82917960631363], [-78.20710995487258, 38.919282489166335], [-78.09186659625448, 38.919282489166335], [-78.09186659625448, 38.82917960631363]]], [[[-76.50583053353779, 38.935119439318896], [-76.50583053353779, 38.845040212412584], [-76.62106930378002, 38.845040212412584], [-76.62106930378002, 38.935119439318896], [-76.50583053353779, 38.935119439318896]]], [[[-77.94963751621168, 39.04132430813752], [-78.09496089638941, 39.04132430813752], [-78.09496089638941, 39.14548000398037], [-77.94963751621168, 39.14548000398037], [-77.94963751621168, 39.04132430813752]]], [[[-72.10811745235554, 42.436530272196535], [-72.14787761277783, 42.43653497444387], [-72.14775971395869, 42.38373184286917], [-72.28150795554683, 42.38363211809019], [-72.28191287926677, 42.5749152141816], [-72.14818699499415, 42.57509742990055], [-72.14814591461517, 42.5566988346269], [-72.10838151329637, 42.55671503372298], [-72.10811745235554, 42.436530272196535]]], [[[-72.32412210693525, 42.46399317212007], [-72.36634634440247, 42.46399317212007], [-72.36634634440247, 42.51413445518034], [-72.32412210693525, 42.51413445518034], [-72.32412210693525, 42.46399317212007]]], [[[-71.20952197030897, 43.99194755600888], [-71.33425601207091, 43.99196561902909], [-71.33423086233921, 44.08196459612299], [-71.20949699774508, 44.08194650792154], [-71.20952197030897, 43.99194755600888]]]]}}]}